text,arg1,arg2,date
人口密度是單位面積有多少人,73,2,13/04/2021 11:47
而應力是單位面積承受多少力😁,,,
折疊後在直角處施力，會產生很大的剪應力，就能輕鬆撕開膠帶囉~💪,,,
那笑容也太古錐（可愛）了吧,0,0,14/04/2021 19:53
沙小……為什麼我覺得很可愛w,0,0,14/04/2021 19:45
阿駿好可愛,1,0,14/04/2021 18:25
一定要叫我們自然老師給全班看你的影片！,,,
笑的像個孩子,0,0,14/04/2021 10:01
我以為大家都會用牙齒咬著撕的招數🥲,3,0,14/04/2021 1:33
真希望有一個這麼有探索真相的兒子。如果也能長這麼可愛，就完美了～,3,0,14/04/2021 1:02
很喜歡你的笑容😊,0,0,14/04/2021 0:03
終於不用找剪刀了 (〃'▽'〃),0,0,13/04/2021 23:08
後面那可愛的笑容才是這隻影片的重點,6,0,13/04/2021 22:15
不怕身上沒剪刀用了，很實用,1,0,13/04/2021 22:09
重複播放+截圖,0,0,13/04/2021 20:46
来了～,0,0,13/04/2021 19:52
目光一直在阿駿臉上，帥~(是我太花癡？,16,0,13/04/2021 19:00
最後笑容好真實阿，哈哈哈哈,11,0,13/04/2021 18:42
是剪應力阿？？？,0,0,13/04/2021 18:42
這個笑容太犯規了啦,38,0,13/04/2021 18:37
媽，我戀愛惹⁄(⁄ ⁄ ⁄ω⁄ ⁄ ⁄)⁄,,,
耶，以後不用找剪刀了（開心）,1,0,13/04/2021 18:33
你害我被我媽罵了啦⋯⋯🥺🥺,43,0,13/04/2021 18:26
「為什麼在那邊浪費膠帶！」,,,
認真回覆一下，這招其實也可以讓膠帶頭變得更好找哦～,,,
是因為這次一次就成功，所以顏藝反應比較大嗎 XD,41,0,13/04/2021 18:23
这件事能够让我们省下1年的时间,3,0,13/04/2021 18:22
方便👍🏻👍🏾🤩🤩🤩🤩🤩🤩,1,0,13/04/2021 18:07
oh wow,1,0,13/04/2021 17:57
酷啊,2,0,13/04/2021 17:45
第一,0,0,13/04/2021 17:45
液體具有一股使表面積收縮的力量，就好像水分子手牽手，互相拉扯靠近一樣😁,229,2,09/04/2021 18:24
所以當戳破棉線圈中間的泡泡膜時，棉線圈就會瞬間被四周的表面張力給拉開囉😏,,,
卡娃以,0,0,14/04/2021 21:34
怎麼調出這麼堅強的泡泡？,0,0,14/04/2021 6:23
Mickey Mouse 就是我,0,0,14/04/2021 2:09
Mickey Mouse,,,
米奇妙妙屋 開啟,,,
快進來 非常好玩,,,
莫斯卡，慕絲卡，John cena!,0,0,13/04/2021 23:11
是我你爹,0,0,13/04/2021 3:01
Woooow that is cool😍😍😍and I like it!!! 😍😘😘,2,0,12/04/2021 16:17
Mickey Mouse(x,0,0,12/04/2021 16:04
好好玩❤️❤️❤️❤️🤩,0,0,12/04/2021 14:35
奧利給！！！！,0,0,12/04/2021 9:27
好特别诶,0,0,12/04/2021 1:31
太可愛了 訂閱老師,0,0,12/04/2021 0:58
怎麼越來越可愛啦😍,0,0,12/04/2021 0:05
迪士尼警告,0,0,11/04/2021 23:21
帥欸,0,0,11/04/2021 23:08
迪士尼法务部正在赶来的路上,6,0,11/04/2021 17:40
迪士尼正在寄律師函的路上,0,0,11/04/2021 16:28
阿俊可以做魯伯特之淚嗎？,0,0,11/04/2021 11:34
原来如此,0,0,11/04/2021 8:10
笑死,0,0,11/04/2021 0:33
很酷,0,0,10/04/2021 22:33
不用猜就知道是表面张力🌝🌝,2,0,10/04/2021 22:32
這很有趣!(・o・),0,0,10/04/2021 21:33
我想到班上永遠都是「咪思卡，木思卡，米~老鼠！」,1,1,10/04/2021 20:56
現在知道為什麼找不到了,0,0,10/04/2021 20:16
你的笑容好治愈♥️♥️ （重点误^^,2,0,10/04/2021 19:50
我不會說一聽到米奇的聲音,39,0,10/04/2021 18:25
我突然笑了 亨 我絕對不會說的 ((笑,,,
好...可...愛...,0,0,10/04/2021 17:46
米奇尿尿屋,0,0,10/04/2021 17:44
還以為是鐵線蟲,1,0,10/04/2021 16:09
好可爱啊！,0,0,10/04/2021 16:03
米奇不妙屋,1,0,10/04/2021 13:39
喔土豆！,1,0,10/04/2021 12:53
咪斯卡 莫斯卡 John Cena...,2,0,10/04/2021 10:08
看完跑去玩...喔法太好玩了ww,2,0,10/04/2021 10:04
迪士尼正在往你家發送律師函,0,0,10/04/2021 7:04
哇居然沒破,0,0,10/04/2021 6:45
看完差點當gay,5,0,10/04/2021 4:47
酷,0,0,10/04/2021 2:47
太可愛（躺平,4,0,10/04/2021 0:38
酷！原來還有這種玩法～,1,0,09/04/2021 22:40
可以變魔術讓小朋友眼睛發亮了😍,,,
太…可…愛了（躺平,22,0,09/04/2021 21:44
為什麼又重複？,0,0,09/04/2021 21:35
咪斯卡 莫斯卡 米奇帽斯～,1,0,09/04/2021 21:19
我是第一百个赞的,0,0,09/04/2021 19:48
好可愛,2,0,09/04/2021 19:14
請問需要搖擺身體才會產生表面張力嗎？,14,0,09/04/2021 19:09
什麼什麼這麼歡樂~我沒看清，重播,36,0,09/04/2021 18:57
米老鼠,1,0,09/04/2021 18:44
看过在您抖音,2,0,09/04/2021 18:41
等等，這個影片可愛度太高了吧！,267,1,09/04/2021 18:34
突然好想玩吹泡泡啊！,,,
米絲卡 魔絲卡 米老鼠,33,0,09/04/2021 18:30
搖搖搖真的太可愛了😍,83,0,09/04/2021 18:28
第一,0,0,09/04/2021 18:25
1⃣️,0,0,09/04/2021 18:24
1,0,0,09/04/2021 18:24
起飛時，氣流會貼著有弧度的擾流板流動，這個吸附現象就是康達效應😁,246,5,06/04/2021 19:32
當氣流流過上凹的擾流板時，擾流板會給氣流向上的作用力，同時氣流會給予向下的反作用力使機頭揚起、改變飛行方向，這樣紙飛機就能飛回手中囉~😏,,,
為什麼我有戀愛的感覺🤔,0,0,12/04/2021 23:48
音樂是什麼？我想要音樂,0,0,12/04/2021 20:47
我平时瞎叠的纸飞机也都是百分百飞回来，我的纸飞机诅咒，永远飞不远,0,0,12/04/2021 12:20
求bgm,1,0,12/04/2021 0:27
突然被背景音樂煞到，啥歌啊？,0,0,12/04/2021 0:07
我折过了，但是他不会飞去我的手里我扔了在等他回去我手里，但却没有。,0,0,11/04/2021 21:44
最後成果的表情也太可愛🤣,0,0,11/04/2021 18:47
最後結尾也太可愛了吧🤣,0,0,11/04/2021 18:01
看最後那反應一定失敗了至少50次🤣,0,0,11/04/2021 15:04
Death bed,0,0,11/04/2021 14:34
哇，阿骏你好牛啊,0,0,11/04/2021 14:22
強迫症好適合看這個,0,0,11/04/2021 14:00
我學「廢」了,0,0,11/04/2021 10:19
我有折過，成功了！,0,0,11/04/2021 7:13
👍🏼,0,0,11/04/2021 0:58
最後一幕拍很久吧？,0,0,10/04/2021 22:31
說吧,0,0,10/04/2021 21:42
到底拍了幾次😂,,,
我想不管誰射回到手裡,0,0,10/04/2021 18:23
那種興奮一定沒有辦法言喻wwwww,,,
大腦：我會了,6,0,10/04/2021 18:20
雙手：不，你不會,,,
求配樂,0,1,10/04/2021 18:05
Yes 拍了兩個小時終於成功了。 可以下班剪片了 🤣🤣🤣,0,0,10/04/2021 17:37
我能用普通方法折就迴旋是不是奇怪的特技,0,0,10/04/2021 15:21
我從小學時就會折了欸😂😂,0,0,10/04/2021 13:44
背景音樂是什麼,1,2,10/04/2021 12:48
這個教學太清楚了！😲我竟然看懂啦～,0,0,10/04/2021 12:27
阿駿太可愛了,0,0,10/04/2021 7:10
半張A4不就一張A5嗎,0,0,09/04/2021 22:07
阿骏小可爱~,0,0,09/04/2021 12:26
說！！！,0,0,08/04/2021 23:30
後面那個你弄多久,,,
求作者回復,,,
音樂有點搶戲,0,0,08/04/2021 22:34
阿駿好可愛,0,0,08/04/2021 21:48
半張A4是一張A4還是A4摺一半撕下來啊？🤔,0,0,08/04/2021 21:37
求歌名😁😁,0,1,08/04/2021 18:07
滿滿的童年哈哈哈,0,0,08/04/2021 16:43
是說半張A4不就是A5嗎？,,,
这集的阿骏好可爱啊 最后那幕应该试了很久吧 成功的时候那么开心😂,0,0,08/04/2021 9:06
😏,0,0,08/04/2021 8:56
我就在找這台飛機QQ 小時候鄰居爺爺幫我折的,0,0,08/04/2021 1:50
瞧你開心的💗（最後,0,0,07/04/2021 21:17
心裡os：錄那麼多次終於成功了！真帥！,0,0,07/04/2021 19:20
背景音樂有點太大聲,0,0,07/04/2021 17:02
最後的動作，看著就嘴角上揚了😊,2,0,07/04/2021 12:49
這個一看就知道重複拍超多次,1,0,07/04/2021 9:27
看完想法 我還是折普通的飛機就好了🤣🤣,,,
最後的動作好可愛,1,0,07/04/2021 6:32
好清晰的教學,1,0,07/04/2021 6:31
最後的樣子好犯規喔 太可愛了吧,33,0,07/04/2021 0:59
要看ng版的,0,0,07/04/2021 0:29
0:52一直翻看,1,0,07/04/2021 0:11
你最後的表情，說明了付出的辛苦❤️,1,0,07/04/2021 0:11
原來是要用空白紙阿，難怪我用課本的紙都沒成功(咦？,0,0,06/04/2021 23:04
最後辛苦了😂,1,0,06/04/2021 23:03
試了幾次？,1,0,06/04/2021 22:32
Bgm 很可爱,1,0,06/04/2021 22:16
哈哈 這個結尾又做了幾次啊！,0,0,06/04/2021 22:11
看到最後那個勝利姿勢就知道你可能試了三天三夜了！！！,8,0,06/04/2021 22:08
這次的步驟假如用唱的應該會斷氣😂,11,0,06/04/2021 21:52
被自己帥到了吧😂,1,0,06/04/2021 21:51
哇這次的影片比較長ㄟ🤣,0,0,06/04/2021 21:47
哇靠...你的手🥰🥰,1,0,06/04/2021 21:45
這個回到手上的一定又很久 不過應該沒有乒乓球那麼久吧…,0,0,06/04/2021 21:30
所謂的那快樂,11,1,06/04/2021 21:27
放學在家裡看阿駿的Youtube,,,
看來丟了很多次才有最終的效果齁（看那個歡樂的動作～）,42,0,06/04/2021 20:17
以前我折這種紙飛機還被其他同學笑說我的飛機飛不遠🥲🥲,,,
紙飛機系列除了那麼多集，我還是不會折🤣🤣🤣,8,0,06/04/2021 20:02
你最後肯定試了超多次😂😂,225,0,06/04/2021 19:45
哇,5,0,06/04/2021 19:37
还记得你说家是唯一的城堡～（误,59,7,06/04/2021 19:37
那個完美的結尾到底拍了多久啊ww,303,5,06/04/2021 19:36
更正！！！,275,2,06/04/2021 19:32
機頭的小三角跟機翼外側上折,,,
都是折1公分，不是0.1公分,,,
手誤😅😅😅,,,
重心是物體重量的集中點，重心越低越容易平衡(例如蹲著比站直更穩定)😎,110,1,02/04/2021 16:39
在小鳥兩側的翅膀上加上訂書針，使重心轉移到鳥嘴的下方，這樣小鳥就能達到平衡囉~😁,,,
手指好看 臉好看 天啊 如果我是女生都好想嫁給你,0,0,14/04/2021 16:33
訂書機訂字好可愛😍,0,0,14/04/2021 3:53
你超帥的～♡ 不要在意別人的眼光,0,0,13/04/2021 0:25
跟我拿一樣的筆🥰🥰,0,0,10/04/2021 21:11
你聲音有點難聽人真的有點醜但是我還是一直在看你的影片,1,0,10/04/2021 12:01
🌚很像黑猫警长里的大反派 记得样子想不起名字,0,0,10/04/2021 4:45
你不匯，我教你,0,0,08/04/2021 1:40
手很好看耶😍😍😍,0,0,06/04/2021 11:50
我的重心都在你身上了 沒有你我連站都站不起來嗚嗚,29,0,05/04/2021 0:34
之前學校的理化課有用冰棒棍做過，結果每個人的筆上都是平衡鳥😂😂😂,5,0,04/04/2021 23:14
我很好奇做了幾次,0,0,04/04/2021 20:33
我在另一個軟體Bilibili上看到有一位影片剪輯人 從1/2開始一直模仿你錄製影片的方式 操作以及口吻都一樣 叫曼辰物理阿連,22,1,04/04/2021 10:21
在這個影片的紙鳥如果左右釘子的數量不一樣，小鳥的重心會偏移嘛？ 🤔例如說左邊有海量的釘子右邊只有幾個，紙鳥還能保持平衡嘛？,0,0,03/04/2021 15:20
折的好整齊！,0,0,03/04/2021 6:54
駿哥在釘吃字的時候，花了多久時間？,,,
非常喜歡💕療癒,1,0,03/04/2021 2:12
希望現在心情比較好啦,0,0,03/04/2021 0:57
雖知應該是之前拍，還是有種熱感覺😅,2,0,02/04/2021 19:33
訂書機訂字 很可以🤣🤣🤣我最愛吃了,28,0,02/04/2021 18:18
看得我都熱了😅,4,0,02/04/2021 17:33
其实我早就看了.在抖音,6,0,02/04/2021 17:19
這個是不是葫蘆翅啊？,0,0,02/04/2021 16:49
這是何時拍的啊？！,1,2,02/04/2021 16:40
你也會用吃跟睡來轉換心情嗎?😂,136,12,02/04/2021 16:40
第一讚！！,2,0,02/04/2021 16:39
物體會有維持原有狀態的傾向(靜者恆靜、動者恆動),253,7,29/03/2021 17:48
例如:突然將裝水的杯子快速往右拉，水會集中在杯子的左邊😏,,,
所以只要趁塑膠杯不注意，快速將紙抽走，塑膠杯就會留在原地往下掉囉~😁,,,
你的肺活量真大,0,0,14/04/2021 20:54
但是太吵了,0,0,14/04/2021 20:34
好厉害,0,0,14/04/2021 20:34
重錄幾次,0,0,14/04/2021 16:39
这是抖音吧...,0,0,13/04/2021 21:03
最後性嚇到的⬇️,1,0,13/04/2021 21:00
看似小实验 实则秀自己的肺活量,0,0,12/04/2021 21:09
肺活量好大啊,0,0,12/04/2021 18:37
缺氧中,0,0,11/04/2021 13:28
好吵喔,1,0,11/04/2021 10:48
懶得動的。,0,0,05/04/2021 18:22
因好長啊！！,0,0,05/04/2021 17:24
阿駿怎麼可以這麼犯規的可愛😍,1,0,04/04/2021 3:25
厉害,0,0,03/04/2021 20:43
我不是說你那個很強我是說你講話竟然可以憋好久好久好久而且還是一口氣,0,0,03/04/2021 19:26
慣~~~~~~~~xN次後,0,0,03/04/2021 19:24
性🤣,,,
啪！的一下 很快啊～,0,0,03/04/2021 17:09
肺活量不錯 XDDD,0,0,02/04/2021 21:50
感覺氣好長哦……,0,0,02/04/2021 19:53
为什么一直guan🤣,0,0,02/04/2021 13:38
真長气,0,0,02/04/2021 11:11
牛頓第一運動定律：慣性,0,0,02/04/2021 10:17
這個氣。。很適合唱歌欸 超厲害,0,0,02/04/2021 9:37
我還期待什麼時候斷氣 😂,0,0,02/04/2021 0:35
還以為會漂浮在上面,0,0,01/04/2021 21:55
是要多可愛...,0,0,01/04/2021 21:49
邪魅一笑😂😂,0,0,01/04/2021 20:52
科學是其次，笑容才是主要,0,0,01/04/2021 19:18
6666666666666666😂😂😂😂,0,0,01/04/2021 19:00
很可愛的聲音😆,0,0,01/04/2021 17:42
",,,,,,,,,,,,,",0,0,01/04/2021 13:11
笑著好可愛♡♡♡♡,0,0,01/04/2021 10:10
我我我我我我我我我我我我我我我我我我我我我我我我我我我我我我我我我我我我我我我我我。。。。。性,0,0,01/04/2021 9:14
很快啊,0,0,01/04/2021 1:58
肺活量真強！,0,0,01/04/2021 0:32
氣也太長(´·ω·`),0,0,31/03/2021 22:29
阿駿的頭像遠看像一個伯伯拿着攝影機，有誰跟我一樣弄錯的嗎？😂,21,3,31/03/2021 22:12
溫馨建議：請關聲音🔊😂,1,0,31/03/2021 22:08
慣~~~~~~~~~~~~~~~性！,0,0,31/03/2021 19:44
你的笑聲哈哈哈哈哈哈哈😂,0,0,31/03/2021 18:14
誰跟我一樣在想什麼時候斷氣,12,2,31/03/2021 18:11
你是不是快沒氣了,0,0,31/03/2021 17:50
？？？,1,0,31/03/2021 13:55
有當法師幫人誦經的資質！,0,0,31/03/2021 13:07
J個肺活量,0,0,31/03/2021 13:07
氣太長了啦,0,0,31/03/2021 5:09
可以拍一個南北半球,0,0,31/03/2021 0:40
水的漩渦嗎 還是覺得很不可思議,,,
肺活量厉害哦！,0,0,30/03/2021 21:36
慣啊啊啊啊啊啊啊啊啊啊啊啊啊啊啊啊啊啊啊啊啊啊啊啊啊啊啊啊啊啊啊啊啊啊啊啊啊啊啊啊啊啊啊啊啊∼性,0,0,30/03/2021 20:48
音也拉太長了吧,0,0,30/03/2021 18:27
👎,0,0,30/03/2021 17:22
太強了 氣好長啊👏👏👏,0,0,30/03/2021 17:22
新粉，接？,0,0,30/03/2021 15:38
0:17,0,0,30/03/2021 14:47
同樣實驗做一次,39,0,30/03/2021 8:18
慣～～～～～～～,,,
慣～～～～～～～（暈倒,,,
這個叫做人類缺氧🤣,,,
東西擺在桌上把桌布拉掉也是慣性～～～,3,0,30/03/2021 6:46
重點是我想知道阿駿的歌聲🤣🤣🤣,,,
不知道為什麼就跟著笑了🤣🤣,0,0,30/03/2021 5:45
好了我们知道你肺活量很大了,0,0,30/03/2021 0:44
想知道這次又花了多久時間才完美演繹😆,1,0,30/03/2021 0:22
魔性笑聲,0,0,29/03/2021 23:43
慣~~~~~~~~~~~~~~~~~~~~~~~~~~~~~~~~~~~~~~~~~~~~~~~~~~~~~~~~~~~~~~~~~~~~~~~~~~~~~~~~~~~~~~~~~~~~~~~~~~~~~~~~~~~~~~~~~~~~~~~~~~性,0,0,29/03/2021 23:08
晚上睡前聽到這個聲音 默默拿起電蚊拍,242,1,29/03/2021 22:32
邊看邊笑哈哈哈哈哈😂慣～～～～～～～～～（根本沒在看實驗,0,0,29/03/2021 22:31
好長氣～😳,1,0,29/03/2021 21:28
吼~怎麼那麼可愛啦～,0,0,29/03/2021 21:16
哇氣好長😂,0,0,29/03/2021 20:52
肺活量挺好的，要不考慮參加合唱團？自由潛水？😂🤣,0,0,29/03/2021 20:38
氣很長嘛o(｀ω´ )o,12,0,29/03/2021 20:09
慣性最常見就是所謂的煞不住車，或是在搭公車停車時會讓你突然往前的力唷～,,,
惯~~~~~~~~~~~~~~~~~~~~~~~~~~~~~~~~~~~~~~~~~~~~~~~~~~~~~~~~~~~~~~~~×n 性。最后来个魔性笑声。wwwwwwwwwwwwwwwwwww🤣😂🤣😂🤣😂🤣😂🤣😂😂 XDDDDDDDDDDRXDDDDDDDDDXXXXXXDDDDDDDDD,64,0,29/03/2021 19:03
其實…阿駿是美聲合唱團的🤔,25,0,29/03/2021 18:43
nice,0,0,29/03/2021 18:14
我只想知道你为什么知道那么多🌚🌚🌚,6,0,29/03/2021 18:00
當時就挺突然的… 只是最近在拼段考 本來從4000訂閱開始追,5,0,29/03/2021 17:54
現在已經六萬了 恭喜恭喜(((o(*ﾟ▽ﾟ*)o)))♡,,,
氣也太長XD,7,1,29/03/2021 17:53
最后可以说是魔性笑声,101,0,29/03/2021 17:52
好累：0,0,0,29/03/2021 17:51
0:11 ( ~'ω')~,53,0,29/03/2021 17:51
最後的那個笑容😂👍,6,0,29/03/2021 17:50
慣17秒,168,3,29/03/2021 17:49
性1秒,,,
👍🏻,0,0,29/03/2021 17:49
+1😂😂,4,0,29/03/2021 17:48
在翻回收箱找飲料杯的+1😂,253,8,29/03/2021 17:48
地球外圍有一圈被地心引力吸住的空氣。,820,17,26/03/2021 17:15
這一大~堆空氣的重量，使地面上大約每一平方公分的面積，都要承受1公斤重的大氣壓力💪,,,
就是這股強大的力量+水的表面張力，一起堵住了瓶口，不讓水流出來哦~😁,,,
用玻璃的會比較好吧~,0,0,14/04/2021 0:04
哈哈哈我科学老师刚好让我们做这个实验～,0,0,13/04/2021 18:18
哈哈哈哈哈哈,0,0,11/04/2021 17:44
這個標題讓我想到音浪,0,0,11/04/2021 17:39
（啊啊啊！啊啊啊啊！）抽離身體 放開自己 （啊啊啊！啊啊啊啊！）地心引力抓不住你,,,
為什麼不是表面張力？,0,0,10/04/2021 19:42
双击屏幕，给阿俊刷讚！,0,0,10/04/2021 15:23
😂,0,0,10/04/2021 9:05
我覺得是假的因為第一個他因該有用東西蓋著,0,0,08/04/2021 17:31
本來就有個套😒,1,0,06/04/2021 18:15
大气压力～（然后飙音,0,0,06/04/2021 16:20
大氣壓力🤣🤣🤣🤣🤣,0,0,06/04/2021 16:16
最後一個表情 笑死我了😂,1,0,05/04/2021 23:13
片尾重看好幾遍，沒看必笑🤣🤣🤣,0,0,05/04/2021 16:12
你有一層膜就是表面面張力的原理,1,0,05/04/2021 12:22
這不是大氣壓力而是上面,1,0,05/04/2021 12:21
現在缺水你還玩,1,0,05/04/2021 10:37
擠壓到瓶子了,0,0,05/04/2021 6:07
要用玻璃瓶啦,,,
噗噗,,,
大氣壓力～yeeeeee！！！🤣🤣,1,0,05/04/2021 4:01
我比你久XDD,0,0,04/04/2021 19:49
糗了😿,0,0,04/04/2021 19:06
應該要用硬的瓶子 這種輕輕一壓就爆了哈哈哈,0,0,04/04/2021 17:49
不作死就不会死,0,0,04/04/2021 15:36
用塑膠片比較好,0,0,03/04/2021 22:22
最後一秒🤣,0,0,03/04/2021 21:50
😂😂😂,0,0,03/04/2021 19:21
真的好可爱,0,0,03/04/2021 17:14
叫你模仿不是叫你超越,0,0,03/04/2021 17:09
谁叫你作死摇一下,0,0,03/04/2021 16:16
大氣壓力~~~（然後水倒出來了,0,0,03/04/2021 15:13
让你嘚瑟😂,0,0,03/04/2021 14:32
😂😂😂,0,0,03/04/2021 13:45
ㄧㄧㄧㄧㄧㄧㄧㄧㄧㄧㄧㄧㄧㄧㄧ,0,0,03/04/2021 11:44
我們自然剛上ouo,0,0,03/04/2021 11:11
瓶子:ㄍ把我封口 😡,1,0,03/04/2021 1:22
瓶子:(你搖時)看我的水攻,,,
阿駿:大氣壓力一一一一一,,,
Yeee,0,0,03/04/2021 0:36
我還以為說的阿駿是草爺的那個阿駿,0,0,03/04/2021 0:05
😂😂😂,0,0,02/04/2021 23:29
突然很想抓住那搖晃的手 XDD,0,0,02/04/2021 21:52
(因為不安分阿XDDDD),,,
打7鴨力eeeeeeeeeeeeeeeeee,0,0,02/04/2021 21:52
不要抖😂😂,0,0,02/04/2021 20:34
哩～係～北～七～～1～11,0,0,02/04/2021 19:41
阿駿我是在新聞看得到你的影片材料來追隨你的,1,0,02/04/2021 18:03
在搖啊,0,0,02/04/2021 17:19
台灣成功大學最新石墨烯結構求解釋,0,0,02/04/2021 15:58
哈哈哈哈,0,0,02/04/2021 15:51
哈哈哈哈 谁叫你摇的,0,0,02/04/2021 15:26
我想问 丁达尔效应 我们弄得出嘛？,0,0,02/04/2021 14:05
都已經封膜了還被騙有夠無腦,0,0,02/04/2021 13:39
哈哈哈,0,0,02/04/2021 13:31
肯定是假的，我坐过了。,0,0,02/04/2021 12:18
大氣壓力~~~~yeeeee...,0,0,02/04/2021 11:05
大氣壓力yeeeeeeeee~,0,0,02/04/2021 10:19
裂開,0,0,02/04/2021 9:42
大气压yeeeeee,0,0,02/04/2021 0:43
good good good,0,0,01/04/2021 22:46
哈哈！ 最後水丟下來了！,0,0,01/04/2021 21:07
大氣壓力！！！！！！！啊啊啊啊露出來了啊啊,0,0,01/04/2021 20:36
哈哈哈哈哈哈哈哈哈,0,0,01/04/2021 18:48
大~氣~壓~力~⤴️➡️⤵️,0,0,01/04/2021 17:03
人家没摇晃🤣,0,0,01/04/2021 12:02
我試了真係好好玩呀我用咗很多紙巾嚟做真係不會掉下來的拍拍手,1,0,01/04/2021 11:33
你的歌很好笑我也試試先一會兒,1,0,01/04/2021 11:23
你的歌很好笑我也試試先,0,0,01/04/2021 11:23
大氣壓力yeeeeeee,0,0,01/04/2021 0:17
大氣壓力～～～,74,0,31/03/2021 23:09
One second later....,,,
我都看過這個實驗,0,0,31/03/2021 22:17
大氣壓力yeeeeeeeeeeee🤣🤣🤣,0,0,31/03/2021 22:11
😂,1,0,31/03/2021 21:33
我看清楚了，你在水上面還有一層紙包袱這蓋子他就不會的水,0,0,31/03/2021 20:16
我比較想知道你浪費了多少張衛生紙在做這個測試😂😂😂,0,0,31/03/2021 19:02
大氣壓力~yee/yee/yee/yee\,0,0,31/03/2021 16:04
ummmm,0,0,31/03/2021 14:59
ace pilot,0,0,31/03/2021 14:02
哈哈哈哈哈,0,0,31/03/2021 10:38
大气压力~~~依~~~~~~~🤣🤣,0,0,31/03/2021 10:06
👎👎👎👎👎👎👎👎😡,0,0,31/03/2021 8:50
力yeeeee😂,0,0,30/03/2021 22:45
大气压力---咦~~~~~~,0,0,30/03/2021 22:13
大氣壓 力~,0,0,30/03/2021 21:55
試用玻璃樽吧！,0,0,30/03/2021 21:27
力意義意義意義意義一🤣,0,0,30/03/2021 20:10
这是假的.,0,0,30/03/2021 19:11
哈哈,0,0,30/03/2021 18:37
最后也太搞笑了吧，哈哈哈哈,0,0,30/03/2021 18:19
是真的，我有做过,0,0,30/03/2021 11:42
要用玻璃瓶，塑料瓶容易挤压，使瓶内气压变大,0,0,30/03/2021 9:33
/\,1,0,30/03/2021 8:07
/ \,,,
大气压力~,,,
瓶口應該🈶️鐵絲網,0,0,30/03/2021 3:40
第一次看你翻車😂😂🙈,0,0,30/03/2021 2:52
這人好搞笑憨憨的,0,0,29/03/2021 23:10
在還沒放下紙前，有蓋子,0,0,29/03/2021 22:01
大氣壓力eeeeEEEEEeeEEee,0,0,29/03/2021 22:01
再搖啊！,0,0,29/03/2021 21:58
大氣壓力: 抓到你了 😈,,,
最後好搞笑,0,0,29/03/2021 21:58
大氣壓力,0,0,29/03/2021 21:43
yeeee,,,
這是真的~~~~~~,1,0,29/03/2021 21:30
🤣🤣🤣,0,0,29/03/2021 19:31
🤣🤣🤣,0,0,29/03/2021 19:10
大氣壓力~yeeeeeeeeeeee,0,0,29/03/2021 17:44
大氣壓力 咦咦咦咦咦😂😂😂😂😂😂😂😂😂😂😂😂😂😂😂😂😂😂😂😂😂😂😂😂😂😂🤣🤣🤣🤣🤣🤣🤣🤣🤣🤣🤣😁🤣😂🤣😂🤣😂🤣😂🤣😂🤣🤣😂😂🤣🤣😂🤣😂🤣😂🤣😂🤣😂🤣😂😂🤣😂😅🤣😂🤣😂🤣😂🤣🤣😂😂😅🤣😁😂😂🤣🤣😂🤣😂🤣🤣😂😂🤣😂🤣😂🤣😂🤣😂🤣🤣🤣😂😂🤣🤣😂🤣😂🤣😂🤣😂😂🤣🤣😂😂🤣😂🤣🤣😂😂🤣😂😂😂😂🤣,1,0,29/03/2021 16:27
原來是業配,0,0,08/04/2021 23:45
看完後真的想買了，業~配~成~功~,0,0,08/04/2021 19:53
笑起來一模一樣欸,0,0,07/04/2021 1:05
姊姊超可愛的,,,
啊俊是西木西木的華振嗎？,0,0,05/04/2021 13:46
你~在~業~配~,0,0,02/04/2021 19:49
這姐弟兩好ㄎㄧㄤ哦www,0,0,01/04/2021 6:53
好帥⋯⋯,0,0,01/04/2021 1:56
不要在广告里植入知识片！😂😂,0,0,31/03/2021 17:20
這笑容.....😍洗拉哇ㄙㄟˇ~~~,0,0,31/03/2021 11:22
阿駿真的年過三十嗎？ 看不出來欸,0,0,31/03/2021 2:01
還以為阿駿才25歲!,0,0,31/03/2021 0:08
業配～😂,0,0,30/03/2021 13:08
最後怎麼沒有,0,0,30/03/2021 3:37
卡~洛~伊,,,
原來是一日暖男啊 我還以為是業配呢,1,0,29/03/2021 12:23
很讚～買～起來～,0,0,29/03/2021 8:11
看得出 其實阿駿對這產品本來也是半信半疑 哈哈哈哈 但是感覺好像不錯用 可以買來試試。👍😊,0,0,29/03/2021 2:07
真的有用耶（抖抖） 😂,0,0,28/03/2021 22:51
你看起來像大學生而已啊！,0,0,28/03/2021 22:14
我超震驚欸！！,,,
頭皮檢測儀哪牌的？,0,0,28/03/2021 21:03
我好喜歡他笑的樣子 ♡♡♡戀愛了,4,0,28/03/2021 14:27
歪樓。。。,,,
卡~洛~伊~,0,0,28/03/2021 10:28
恭喜開張🎉,1,1,28/03/2021 9:28
感覺自己需要去買個了,,,
完了 我居然會期待最後來個卡~洛~伊~,3,1,28/03/2021 7:43
太太太喜歡阿駿的笑聲 真的太可愛了😍,0,0,28/03/2021 5:51
看不出來已經過三十……好年輕,0,0,28/03/2021 3:20
👍,0,0,27/03/2021 18:22
天啊～ 年過30？！😲🤪,0,0,27/03/2021 15:11
還以為是高中生咧！🤣🤣,,,
阿駿竟年過三十！？（話說你484在業配😂🤔）,0,0,27/03/2021 15:03
竟然說出 沒想到真的有用欸 笑死,12,0,27/03/2021 13:26
姐姐也好可愛喔❤️,0,0,27/03/2021 13:12
這是業配吧,0,0,27/03/2021 11:56
怎么没有手动音效,0,0,27/03/2021 11:44
所以姐姐超過30🤔,1,0,27/03/2021 10:48
這個實際比較是真的讓我心動想購買,1,0,27/03/2021 4:57
有沒有可以洗頭皮屑的,0,0,26/03/2021 22:44
Omg 我以為你是大學生,0,0,26/03/2021 22:37
話說你沒介紹這是什麼反應！,1,0,26/03/2021 21:42
中國人不講武得抄襲https://b23.tv/ofvSKQ,0,0,26/03/2021 16:48
你有30!?OAO你騙我！？,0,0,26/03/2021 12:36
恭喜終於有業配啦,1,0,26/03/2021 12:27
你年過30？？？？,0,0,26/03/2021 9:42
這拿去美髮行業裡面絕對會被打槍...,0,0,26/03/2021 8:33
年過三十是騙人的吧ಥ_ಥ,0,0,26/03/2021 8:09
會幫吹頭髮的男生都是暖男(˶‾᷄ ⁻̫ ‾᷅˵),16,0,26/03/2021 1:18
有 ig 吗？,0,0,26/03/2021 1:06
阿俊好可爱，有ig 吗?,0,0,26/03/2021 0:10
乳～化～作～用～,0,0,25/03/2021 23:46
喀～囉～依～～～,3,0,25/03/2021 21:37
業配終於來了！（歡呼,1,0,25/03/2021 16:01
這部影片我已經不知道看幾次了，每次看到阿駿認真的眼神就忍不住再看一次,1,0,25/03/2021 14:19
這業配的好可愛🤣,1,0,25/03/2021 8:49
年過30？？？？我不信,3,0,25/03/2021 6:41
你姐姐好漂釀～,,,
突然想到你可愛的姪子！,,,
1:05 有沒有覺得涼涼的～,,,
我以為最後會唱,231,5,25/03/2021 5:34
業～配～效～應～,,,
之類的東西W,,,
爽拉 不拖泥帶水的業配 欠我看完❤️,7,0,25/03/2021 2:26
葉配效應～,0,0,25/03/2021 1:50
年過三十還這麼可愛合理？,0,0,25/03/2021 1:28
姐姐：找到可以撐更久不洗頭的方法啦ヽ(✿ﾟ▽ﾟ)ノ,1,0,25/03/2021 0:56
這個業配廠商太賺了，超清楚的見證，買了～,4,0,24/03/2021 23:55
本來以為影片最後會唱 卡～洛～伊,0,0,24/03/2021 23:31
好可惜這位好朋友(葉佩雯)片尾沒有魔性的物理知識~~~~,2,0,24/03/2021 23:19
但我還是看完了!!!!!,,,
我...竟然，收看完整段視頻🤣,1,0,24/03/2021 23:14
有夠勾錐😍,0,0,24/03/2021 23:00
姐姐好犧牲，喔，不，我也想要有人幫我洗頭~,0,0,24/03/2021 22:49
真的完全一樣的笑,0,0,24/03/2021 22:36
不是吧 你30😱😱😱你也太凍齡了😍,8,0,24/03/2021 22:06
難得上鏡的姊姊，竟是被弟弟抓去業配🤣🤣,25,0,24/03/2021 21:19
買了...年過40還來得急,0,0,24/03/2021 21:15
我猜卡洛伊聽到要被實測有害怕一下,1,1,24/03/2021 20:55
你年過30(´・ω・`)???,24,0,24/03/2021 20:38
基因良好，羨慕(　´_ゝ｀),,,
利用姊姊業配～(=´∀｀)人(´∀｀=),1,1,24/03/2021 20:25
業配耶,0,0,24/03/2021 20:16
阿駿真的有夠可愛 不過年過30??,5,0,24/03/2021 19:49
以業配之名🤣🤣🤣,0,0,24/03/2021 19:44
原來你超過30了！,0,0,24/03/2021 19:19
買買買,0,0,24/03/2021 19:10
難道這是業配嗎？！,47,1,24/03/2021 19:10
撇除要被拍攝不說，阿駿對姐姐很有愛欸♥️,,,
你有30？！,0,0,24/03/2021 19:07
笑聲和笑臉證明是姐弟沒錯XDDDD,74,0,24/03/2021 18:56
OMG 阿駿竟然年過三十了...,156,0,24/03/2021 18:42
这。。是业配？,0,0,24/03/2021 18:24
最后应该加一句，干爹来啦～～～,1,0,24/03/2021 18:17
這次怎麼不一樣（咦？,1,0,24/03/2021 18:11
一樣啦，笑容都一樣啦😁😁😁,,,
原来。。。。。。。。。。。。。。是一期恰饭视频啊,0,0,24/03/2021 18:08
己经买了一个亿,0,0,24/03/2021 18:05
跟我室友用一樣的欸！,27,0,24/03/2021 18:04
之前就有聽她說過這是她用過最好用的洗髮精,,,
完全拯救她的油頭,,,
原本我就聽聽而已,,,
沒想到真的差那麼多,,,
好讚(*๓´╰╯`๓)♡,,,
業配的開始 是成功的一半,73,0,24/03/2021 18:02
阿駿真的好可愛啊😚😚,18,0,24/03/2021 17:59
怎么这期没唱歌？🤣🤣🤣🤣🤣,3,0,24/03/2021 17:57
終於接到葉配了阿,5,0,24/03/2021 17:44
好可愛 XD,1,0,24/03/2021 17:37
羨慕有這種幫自己洗頭的弟弟🥲,123,2,24/03/2021 17:28
（用厭世眼神望著自己弟弟⋯⋯(¬_¬),,,
姐姐感覺個性很好耶！(●´ϖ`●),3,0,24/03/2021 17:24
看習慣之前的影片，我以為後面也會有個「頭皮困擾！-卡洛伊～～🎵」,49,2,24/03/2021 17:19
<3,0,0,24/03/2021 17:18
你姐人真好，要是我跟我姐說要拿她做這個實驗，我應該會被她殺掉🌚,2,3,24/03/2021 17:15
小駿駿,4,1,24/03/2021 17:12
偶可以這麼親切叫你？😁,,,
祝你2021……,,,
#財主滾滾來,,,
#業配接不完,,,
#數錢到手軟,,,
#辦回饋抽獎,,,
#粉絲笑呵呵,,,
"笑聲 笑點 證明是姊弟(蓋章認定),恭喜有業配了",325,3,24/03/2021 17:05
2,0,0,24/03/2021 17:03
1,0,0,24/03/2021 17:02
液體有一股向內收縮、使表面積最小化的力量😎,156,9,22/03/2021 18:49
洗手露會降低這股力量，色素就隨著表層的豆漿往四周散開囉~😁,,,
sus,0,0,12/04/2021 21:52
實驗是好，但別浪費食物,0,0,12/04/2021 10:56
放洗手露前的圖片是太空狼人殺,0,0,10/04/2021 16:46
是among Us,1,0,09/04/2021 14:55
媽！阿駿又在玩食物啦！,0,0,08/04/2021 22:23
among us,0,0,06/04/2021 19:16
讚啦,0,0,05/04/2021 12:13
sus ඞ,0,0,04/04/2021 13:53
好漂亮喔,0,0,04/04/2021 11:28
色素改用水彩or廣告顏料🎨也可以嗎？？想給我女兒也實驗看看,1,0,02/04/2021 0:36
牛逼,0,0,01/04/2021 18:57
犯人是阿駿，快點按按鈕！,8,0,01/04/2021 17:24
好像是among us,1,0,01/04/2021 14:13
三体人探测器入侵地球珍贵画面,0,0,01/04/2021 12:18
他的口好大哦,0,0,31/03/2021 23:39
洗手露？,0,0,31/03/2021 22:29
好美，如果这样玩会给妈妈骂吗🤣🤣,0,0,31/03/2021 15:26
好美哟！,0,0,30/03/2021 10:23
AMOGUS,0,0,29/03/2021 13:04
其實我只是想好好喝豆漿,0,0,29/03/2021 0:23
拿来喝他不香吗,1,0,28/03/2021 20:00
哇，俺们那是啊。,0,0,28/03/2021 13:26
0:04 太空狼人杀,0,0,27/03/2021 23:29
野生的Among Us！！！！！,2,0,27/03/2021 22:35
太空狼人殺？,1,0,27/03/2021 20:53
太空狼人殺,1,0,27/03/2021 16:22
那個顏料......Sus！！！,1,0,27/03/2021 15:39
你别用我来做实验啊！！！！！,1,0,27/03/2021 9:23
美,0,0,27/03/2021 1:24
怎麼辦，我好像喜歡上阿駿葛格了❤️,3,2,27/03/2021 0:40
哇~好漂亮的小蝌蚪~（BTW 为什么一定要用豆浆？）,0,0,26/03/2021 22:56
可愛阿駿,0,0,26/03/2021 22:00
红色是impostor,1,0,26/03/2021 19:19
紅色點：呠呠呠呠呠呠呠呠,0,0,26/03/2021 17:42
太空狼人殺,0,0,26/03/2021 16:58
Among us,1,0,26/03/2021 16:49
做完后：,0,0,26/03/2021 15:44
想着不要浪费的我喝了，苦苦的，肚子痛,,,
！！太空狼人殺！！有玩的人,5,0,26/03/2021 14:43
👇😊😁😁,,,
這是俗稱的不要玩食物？,2,0,26/03/2021 10:57
Sus,0,0,26/03/2021 9:22
颗颗啃蜡,0,0,26/03/2021 2:28
阿駿太可愛了啦❤️❤️,0,0,25/03/2021 23:12
可以問一下 你是哪裡人嗎？,0,1,24/03/2021 7:08
Hmmm...,2,0,24/03/2021 1:01
紙杯向前飛行時迎面而來的氣流，與向前旋轉時紙杯下方的氣流，方向一樣是往後的，使下方氣流流速比上方快😁,337,18,19/03/2021 17:17
柏努力定律：流速越快、壓力越小,,,
紙杯飛出去後往壓力小的方向靠近，就會看到影片內奇怪的飛行軌跡囉~😎,,,
柏努力定律只是其中一個因素哦~,,,
小時候玩過,0,0,12/04/2021 20:47
你的、視頻、很像、置丈！,0,0,11/04/2021 18:32
其實是馬格努斯啦,0,0,10/04/2021 20:35
看來你很愛喝可不可喔哈哈哈哈哈哈,0,0,05/04/2021 15:29
我在關懷據點帶長輩做過這個！,0,0,04/04/2021 19:25
還以為要做 馬格努斯,0,0,04/04/2021 17:25
怎么屏蔽,0,0,03/04/2021 19:06
最近幾個禮拜的探究課程,0,0,03/04/2021 3:42
利用馬格努斯原理的飛行杯好玩,,,
請問柏努力跟馬格努斯力差在哪裏😶,0,0,02/04/2021 23:00
說罷你開頭拍了多少次,0,0,02/04/2021 17:58
可～不苛～～～～,0,0,02/04/2021 14:14
请问悠悠球是这个原理么（物理白痴提问,0,0,01/04/2021 11:51
一定要用鞋带吗？,0,0,31/03/2021 21:11
溜溜球也是伯努利原理嗎？,0,0,28/03/2021 21:20
棒球 桌球 各種球類空中轉彎都看得到此運動方式,0,0,28/03/2021 1:11
我國小玩過欸，好久的東西我還留著😂😂,0,0,27/03/2021 21:09
哇，好好玩的感觉,0,0,27/03/2021 18:08
說！你是不是在幫可不可工商！,0,0,27/03/2021 18:05
這是伯努利還是馬格納斯效應？,0,0,27/03/2021 16:21
這個安親班老師有帶我們做過耶！,0,0,26/03/2021 23:12
原理：阿駿NG,0,0,26/03/2021 22:33
是可不可的杯子！,0,0,26/03/2021 21:01
感覺好好玩XD,,,
鞋子是無辜的wwwww,0,0,26/03/2021 20:35
可以做小的吗？,1,0,26/03/2021 18:13
nt,0,0,26/03/2021 16:17
一開始的那個練了很久吧🌚練好了笑得很開心🌚,17,0,25/03/2021 18:35
可不可的杯子欸🤣,0,0,25/03/2021 8:33
不努力～,0,0,25/03/2021 6:59
哇！这个好玩。,0,0,25/03/2021 3:01
阿駿太可愛惹,0,0,24/03/2021 22:02
能不能再帥一點。那個勝利的微笑奪走了我的靈魂 🤣🤣,15,0,24/03/2021 21:41
我做过这东西，如果打到人似乎有点疼XD😂😂😂😂（我被那东西打过,3,0,24/03/2021 20:17
清心的紙杯?,0,0,24/03/2021 20:17
空中陀螺啊XD,0,0,24/03/2021 18:41
0:01 那個笑容是終於成功的笑容嗎XD,0,0,24/03/2021 16:40
老實說！開頭你拍了幾次！？,1,3,24/03/2021 12:40
右手背上的傷還好嗎？,0,0,24/03/2021 12:35
犯規，怎麼可以這麼聰明又有顏值，反觀我兩者都沒有...,10,0,23/03/2021 23:35
来当我的老师,0,0,23/03/2021 20:37
可不可,0,0,23/03/2021 19:56
讓我猜猜你丟紙杯那段NG了好幾次,0,0,23/03/2021 18:58
剛開始丟紙杯成功的笑容彷彿是在說終於成功了哈哈,0,0,23/03/2021 12:30
当他把杯底粘起来的时候我就知道他要玩什么了,0,0,22/03/2021 21:18
最後的笑😏,1,0,22/03/2021 20:34
可不可的手搖杯？,0,0,22/03/2021 20:22
可以用绳子嗎？我沒有 鞋带,0,1,22/03/2021 14:18
"玩完後，發現它上面有點味道，有點""內味""",0,0,22/03/2021 13:09
四號公園😂😂,1,0,22/03/2021 11:31
是馬格努斯效應 我是一個國中的小屁孩 科展主題就是選這個 如果用兩條橡皮筋綁在一起發射軌跡會更漂亮喔 尤其是逆風的時候 杯子甚至可以停在空中接近不移動幾秒,18,0,21/03/2021 23:22
可不可好喝(重點誤,16,0,21/03/2021 14:04
這個比美國紙飛機冠軍還厲害耶！吼，美國冠軍什麼了不起，贏了！,0,0,21/03/2021 9:55
訂閱的人多了，現在壓力很大齁，每個影片都要耍帥一下😆😆😆。謝謝ㄋㄟ,,,
可不可的杯子誒！！！！（重點錯誤XD,14,2,20/03/2021 15:13
昨天選修課也有做這個,0,0,20/03/2021 10:58
老實說！你是不是老師！！！！！😂😂😂,136,1,20/03/2021 9:01
突然有點想看逆風的效果🤔,0,0,20/03/2021 7:15
這紙杯的圖案 好看 OVO,15,1,20/03/2021 1:57
可以瘦手臂吧 蝴蝶袖練起來wwwww,,,
我常去央圖欸,1,0,20/03/2021 1:35
聞到臭臭的味道了,0,0,19/03/2021 23:59
好神奇@@,0,0,19/03/2021 22:50
剛點進來，以為後面的樹是頭髮，很像爆炸頭,96,4,19/03/2021 22:14
是四號公園誒！！！原來我住在阿駿家附近！我好興奮rrrr,71,6,19/03/2021 19:25
把紙杯丟進紙杯試了多少次？,88,2,19/03/2021 18:59
用橡皮筋的話好像可以往前彈🙃,4,0,19/03/2021 18:49
第一次那麼早👀👀,2,0,19/03/2021 17:18
如果用較輕小的紙杯，可以用橡皮筋來發射，會比較省力哦~,236,3,19/03/2021 17:18
現在蝴蝶袖還在酸痛…😂,,,
WoW~~,2,0,19/03/2021 17:17
Hi~~~~~,0,0,19/03/2021 17:16
拍了才知道，想像總是美好的😂,305,4,15/03/2021 17:47
去哪里投票啊？绝对投给你,0,0,10/04/2021 9:51
好可愛,0,0,09/04/2021 17:26
關於會瞬間移動的拖把我們會再做另一期視頻講解,0,1,05/04/2021 1:30
阿駿辛苦了哈哈,0,0,04/04/2021 13:38
我一直在擔心你後面的電視機螢幕，就怕你一不小心....,0,0,02/04/2021 19:58
還好電視沒壞,0,0,02/04/2021 16:49
NG影片看了就是開心,0,0,28/03/2021 19:59
配服配服，如果是我一定試一次就放棄了！（很有自信的講！（鵝鵝鵝😂XD,0,0,21/03/2021 20:34
最後拖地的一幕太可愛啦www,0,0,20/03/2021 17:19
哈哈,0,0,20/03/2021 13:00
原來是這樣啊,0,0,20/03/2021 6:36
好奇水桶倒了幾次水😂,0,0,19/03/2021 23:50
樓下鄰居：放過我吧,0,0,19/03/2021 20:22
杯子好可怜,0,0,19/03/2021 19:53
电视：当时的我害怕极了,0,0,19/03/2021 16:26
有沒有什麼科學定理能證明 為何一直打不中嗎,0,0,18/03/2021 22:13
我比較想知道拖了多久次地板？,0,0,18/03/2021 20:30
哪里投票？,0,0,18/03/2021 20:23
不会玩就别显丑，想被我们笑话吗,0,0,18/03/2021 19:34
牛啊,0,0,18/03/2021 19:03
投啊，哪次不投,0,1,18/03/2021 13:14
拍完家裡都快淹水😂😂😂,3,0,18/03/2021 1:44
這太真實的畫面 反而讓人覺得活著,0,0,17/03/2021 23:35
要去哪裡投票阿？,0,0,17/03/2021 22:08
有何意义,0,0,17/03/2021 20:27
你是不是覺得.....自己有點中二😄,0,0,17/03/2021 20:07
(づ￣ ³￣)づ ⊂(・▽・⊂)？？？,0,0,17/03/2021 19:44
笑死哈哈哈哈 太可愛了🤣,0,0,17/03/2021 19:00
大家可以回去看,0,0,17/03/2021 18:35
最後打擊時是配音的,,,
拍摄过程中只是捡球都会捡到起肚懒连带黑白亂幹甚至还不能成功拍摄那刻简直就被气到南趴大小粒🤭🤭🤭,0,0,17/03/2021 14:03
加油！,0,0,17/03/2021 13:44
这up....好可爱啊😂萌萌的然后又稳重又调皮哈哈哈哈哈哈哈哈真的好可爱,22,0,17/03/2021 13:39
乒乓球 水 掃把 揮桿！ 換~新~電~視~,0,0,17/03/2021 11:59
反正我很閒的概念,0,0,17/03/2021 11:55
要去哪投票呢❓🙄,0,0,17/03/2021 10:07
跟我們家一樣的拖把（一樣顏色）XDD,0,0,17/03/2021 6:50
樓下沒有抗議嗎哈哈哈,0,0,17/03/2021 2:00
帥炸w 只要努力不懈好運終究會來的概念嗎？！,0,0,17/03/2021 1:05
我期待的沒發生🤓,0,0,17/03/2021 0:56
有興趣可以來我頻道看看唷 ！,0,0,16/03/2021 23:08
怎麼投票？？,0,0,16/03/2021 22:33
可以讓地板變乾淨的魔術😂,16,0,16/03/2021 22:29
看到拖把就知道…嗯~,0,0,16/03/2021 22:15
拍片不容易，辛苦了！,0,0,16/03/2021 19:50
再多試幾次，明天地板就能採收香菇啦！😂,16,0,16/03/2021 19:33
很佩服阿駿的毅力，每次都拍好久~,,,
我從FB來的🤣🤣,0,3,16/03/2021 18:30
😂😂,0,0,16/03/2021 17:42
好帅（是指作者）,1,0,16/03/2021 12:46
😍（花痴）,,,
厉害了，不容易啊,0,0,16/03/2021 12:20
拖把：( ･᷄ὢ･᷅ ),5,0,16/03/2021 8:14
再拍下去估計地板都要長香菇了,3,0,16/03/2021 7:22
辛苦了 努力了這麼多次 ((拍肩,0,0,16/03/2021 0:02
哈哈哈，最後打掃的一幕，辛苦了,1,0,15/03/2021 22:38
請小心身邊的家電🤣,0,0,15/03/2021 20:52
木板有發霉嗎？,0,0,15/03/2021 19:48
看著你，都覺得好療癒啊⋯⋯,12,0,15/03/2021 18:57
敬業，厲害,2,0,15/03/2021 18:40
辛苦了辛苦了,1,0,15/03/2021 18:29
創造者票選要去哪投票呀？,10,5,15/03/2021 17:55
邊看邊笑哈哈哈哈😂,10,0,15/03/2021 17:50
辛苦了,6,0,15/03/2021 17:49
果然是ohhhhhhhhhhhhhhhhhhhhhhhhhh!!!!!!!!!!!!!!!!!!!!!!!!!,100,1,15/03/2021 17:49
我始終在擔心那台電視,257,4,15/03/2021 17:47
物體在高處時，會有一股叫”重力位能”的潛在能量。,396,9,13/03/2021 14:36
乒乓球落地時，部分的重力位能會轉化為動能，使乒乓球彈起來(黃箭頭)。,,,
當水杯和乒乓球一起落下時，水杯的能量會傳給乒乓球，讓乒乓球彈得更高哦(紫箭頭)。😁,,,
太強了~,0,0,12/04/2021 20:41
nb😂,0,0,10/04/2021 22:41
好神哦！,0,0,05/04/2021 23:49
乒乓球那幕試了很久吧,0,0,30/03/2021 17:00
欸嘿,0,0,23/03/2021 6:22
the 學,0,0,22/03/2021 22:24
我不懂欸,0,0,18/03/2021 0:27
辛苦你了,0,0,17/03/2021 15:06
怎么那么像国内的短视频....有个人也喜欢用这种音调结尾，讲的也是一些物理知识,0,0,16/03/2021 22:57
嘴借的着急还,0,0,16/03/2021 17:25
好帥❤️,0,0,15/03/2021 20:12
怪异难听的,1,0,15/03/2021 17:38
你喺坐低,0,0,15/03/2021 14:49
能有好high,0,0,15/03/2021 14:48
有幕後花絮嗎🤣🤣🤣,1,0,14/03/2021 21:43
丟球一定Ng很多次😂😂😂,10,0,14/03/2021 17:56
怎麼沒有微笑？,0,0,14/03/2021 17:45
我很擔心電視機的安全,0,0,14/03/2021 16:33
哈！你沒打中，我也沒打中www,0,0,14/03/2021 15:52
阿駿太可愛惹,0,0,14/03/2021 13:49
所以。。彈回去杯子里面是一定會發生的？,9,0,14/03/2021 10:47
嗚呼 是能量守恆欸 欸蟑螂這可以養嗎,0,0,14/03/2021 8:11
嗯....歐派！,0,0,13/03/2021 23:38
影片：https://youtu.be/Ywst6Zqrf3E,,,
所以真的一次就進杯嗎(╬☉д⊙)⊰⊹ฺ,1,0,13/03/2021 20:55
這次又是試了幾次啊？,0,0,13/03/2021 19:19
阿駿是左撇子！！,1,0,13/03/2021 18:38
我現在在學質量守恆定律,6,0,13/03/2021 18:28
左右觀察法,,,
看旁邊資優生的😄,,,
尣,0,0,13/03/2021 17:29
冗,0,0,13/03/2021 17:29
帥帥der~,4,0,13/03/2021 16:24
這是take幾？,3,0,13/03/2021 16:12
老實說，你為了乒乓球丟到杯子裡這個鏡頭你花了多久,202,0,13/03/2021 15:03
乒乓球：沒打到～～～～～～,68,0,13/03/2021 14:40
杯子被放下去的瞬間，心臟有跟著跳很大一下🫀,,,
原來如此啊！,72,0,13/03/2021 14:39
做完實驗後，,,,
滿地都是水，,,,
拖地不用水。,,,
233中~,,,
来了,1,0,13/03/2021 14:38
酷欸～,2,0,13/03/2021 14:37
能量不會無故消失，只是換成另一種形式存在。,398,8,13/03/2021 14:37
跟錢一樣...嗎?,,,
來了,0,0,13/03/2021 14:36
當我看到乒乓球跳回杯子裡時，我的心情跟那隻鴿子一樣😂,418,13,13/03/2021 14:36
內外杯的夾層中，除了豆漿還有空氣,416,0,10/03/2021 17:58
當堵住外杯的洞口時，夾層的壓力狀態達到平衡，豆漿就停住不動😏,,,
但如果把洞放開，外面的空氣就會進入夾層，將豆漿往下擠，擠到内杯裡，直到內外的”大氣壓力”達到平衡哦😁,,,
這個牛皮,0,0,13/04/2021 19:48
你又把一個魔術講開了,0,0,11/04/2021 17:01
👍👍👍👍👍👍👍👍👍👍👍👍👍👍👍👍👍👍👍👍👍👍👍👍👍👍👍👍👍👍 你真的太牛逼了,0,0,08/04/2021 22:26
厲害,0,0,04/04/2021 14:56
類似良心壺的原理,0,0,02/04/2021 16:47
一个字(牛),1,0,29/03/2021 19:59
妳（你）身邊有人正在被她們詐騙嗎？,0,0,28/03/2021 21:01
欸？你（妳）還不知道嗎？,,,
那個多人飾演一腳的網紅ひろみちゃん(๑•̀ㅂ•́)و✧還請你們自己去看吧！推特上及YouTube的［ひろみちゃんねる］,,,
也覺得有問題的話麻煩請在你的城市通報,,,
一起救救人臉辨識異常的死宅男吧,,,
即使你在客人家的时候，表演技术他们都会讲，你咋会变魔术啊？结果一打开全部豆浆都喷出来呀，可能又又来了。又说你真浪费豆奶,0,0,27/03/2021 19:18
所以不是偷喝豆浆啊，是表演豆浆消失吧,0,0,25/03/2021 18:10
我當時在吃東西嚇到了食物噴了出來,0,0,24/03/2021 16:37
我请你喝吧,0,0,23/03/2021 10:07
你的笑容很犯規😍你女友好幸福，每天能看見這甜笑容（笑容控🥺）,0,0,22/03/2021 15:31
八嘎,0,0,21/03/2021 10:48
ぶん殴りたい,0,0,20/03/2021 22:16
有喝到嗎,1,0,20/03/2021 18:49
？,1,0,20/03/2021 18:49
厲害,0,0,20/03/2021 10:12
哇，你真的很厲害啊🌼🌼,0,0,19/03/2021 19:41
我不管看多少次都覺得太酷了🤣,1,0,18/03/2021 23:08
笑容真可愛,0,0,18/03/2021 5:24
可能愛喝不喝,0,0,17/03/2021 11:51
老師好可愛 這也是什麼化學反應嗎 🥰,0,0,17/03/2021 2:52
我能感觉到自由的气息,1,1,16/03/2021 19:02
666,1,0,16/03/2021 14:35
这个是不是一直看都看不完啊？,0,1,16/03/2021 14:17
前男友！！！！！！！😨😨😨,0,0,15/03/2021 19:51
这拿来表演确实满不错的但喝不到豆浆,0,0,14/03/2021 22:11
常见魔术表演之一,0,0,14/03/2021 14:55
我特別不喜歡這個人,0,0,14/03/2021 13:44
.........,1,0,14/03/2021 13:23
NOOB,1,0,14/03/2021 12:43
喝個飲料那麼麻煩,1,0,14/03/2021 11:29
直接喝然後被K就好了啊,,,
檢舉,0,0,14/03/2021 11:07
完全搞不懂,0,0,14/03/2021 9:30
智障,0,0,14/03/2021 1:31
襪草，中共牛逼,0,0,13/03/2021 23:58
小伙子你介绍材料的时候声音总像神经病(可能有冒犯到,0,1,13/03/2021 22:33
指甲好好看...,0,0,13/03/2021 22:18
好招,0,0,13/03/2021 22:15
而且不能喝完 會被發現www,0,0,13/03/2021 19:33
*看完,0,0,13/03/2021 13:41
嗯,,,
幹,,,
好帥= =,,,
高招,0,0,13/03/2021 10:03
蛤？,0,0,13/03/2021 9:54
哇！,0,0,13/03/2021 7:58
好屌,0,0,13/03/2021 7:19
太強了,0,0,13/03/2021 1:55
嗯~我知道了😏,1,0,12/03/2021 22:52
阿駿化解了我多年來對魔術的疑惑,6,0,12/03/2021 19:00
手好漂亮😳😳,0,0,12/03/2021 18:18
豆漿~,2,0,12/03/2021 17:12
還是聽不懂,0,0,12/03/2021 16:09
那認真合杯子的眼神跟最後的笑,54,1,12/03/2021 5:52
啊啊啊啊～愛了愛了,,,
等等 這期內容是什麼🤔,,,
我再看一次🤣,,,
好酷喔！！！！！！,0,0,11/03/2021 22:26
我不必偷喝豆浆也不必去买，我只要去找我老攻然后动动嘴就有免费豆浆喝了。,4,2,11/03/2021 22:24
看了好幾次才知道 原來是沒有真的喝到豆漿😂,8,0,11/03/2021 17:52
這招好猛啊 學起來學起來,0,0,11/03/2021 13:00
太可愛了8,1,0,11/03/2021 11:50
瀏海該剪了喔,,,
晚安阿駿,0,0,11/03/2021 2:08
這讓我想起很久以前一位蠻有名的魔術師的一個魔術....,0,1,11/03/2021 0:34
我現在才發現阿駿現在的單詞有加英文耶 讚讚讚！！！,10,0,10/03/2021 23:21
怎麼沒喝到……,21,0,10/03/2021 23:08
只有空氣,,,
趕羚羊,,,
草枝擺啊,,,
亞拉索～,,,
魔术,0,0,10/03/2021 21:15
可愛死了,1,0,10/03/2021 20:55
開頭bgm是海綿寶寶欸🤣,39,0,10/03/2021 19:54
實際上並沒有喝到豆漿，是利用外杯豆漿跑進內杯的視覺變化，讓人感覺豆漿好像變少了～,542,7,10/03/2021 19:51
身為一個男孩子覺得你笑起來好可愛我是不是哪裡不太對勁(^_^;),506,24,10/03/2021 18:55
厲害，做不到,0,0,10/03/2021 18:38
你好可爱！,10,1,10/03/2021 18:06
重點是喝不到啊,6,1,10/03/2021 18:06
原來是變魔術的部分(´▽｀),30,2,10/03/2021 18:03
不過我剛剛嘗試，整個手都濕了(｡･ω･｡),,,
有点看不懂的操作,0,0,10/03/2021 18:02
首讚,1,0,10/03/2021 17:58
"老薑的""蛋白酶""會與牛奶的""蛋白質""發生化學反應，使牛奶凝固，變得跟布丁一樣Q嫩順口",496,18,08/03/2021 16:51
一碗吃下去，身體很快就暖和起來囉~🥰,,,
PS. 想增加硬度，可以加1匙全脂奶粉哦~,,,
你好帥,0,0,08/04/2021 17:17
求下集青蛙撞奶🙏🏻,0,0,20/03/2021 23:17
台北地下街換的碗欸www,0,0,18/03/2021 12:56
薑撞奶。,0,0,16/03/2021 23:00
如果是慢慢放进去，而不是撞，会凝固吗？,0,1,15/03/2021 3:21
看到后面：？？？阿駿的频道从科学变美食了？,0,0,14/03/2021 14:44
这个加有生姜真的会好吃吗...,0,0,14/03/2021 7:53
我家有一樣的碗欸,0,0,14/03/2021 0:54
阿駿豪可愛🤤愛你😘❤️❤️❤️,0,0,14/03/2021 0:08
薑汁撞奶,0,0,13/03/2021 22:09
哈哈 一個星期前我就做了,1,1,13/03/2021 18:58
連續做了4天 每天做6次,,,
哈哈哈…全沒成功,,,
都是一點點凝固,,,
什麼比例都試了…………我就廢…………,,,
牛奶與薑汁中陽離子與陰離子中合後 膠體物質沉澱 與豆漿加石膏原理一樣,0,0,13/03/2021 18:54
市售薑粉可以嗎？,1,1,13/03/2021 18:11
"其实是""奶撞姜""",3,0,13/03/2021 11:45
其实木瓜和凤梨都可以使奶凝固的哦~,,,
没有唱“胶体聚沉~”😔,0,0,12/03/2021 21:26
生薑蛋白酶+蛋白質,0,0,12/03/2021 20:18
我之前才看过青蛙撞奶😂,0,0,12/03/2021 18:40
保利達b~,0,0,12/03/2021 17:55
我有做喔～確實好吃很像奶酪，但是，磨薑榨汁真的累死人了,0,0,11/03/2021 21:23
怎麼可以那麼帥,0,0,11/03/2021 19:29
這手數,0,0,11/03/2021 19:23
结果你辣到死了。,0,0,11/03/2021 17:08
凝固~~,0,0,11/03/2021 13:28
求青蛙撞奶教學影片,0,0,11/03/2021 13:25
凝固~~~~,0,0,11/03/2021 12:31
比豆花加鹽滷；健康多了~,0,0,11/03/2021 10:50
請問為什麼會失敗?(單純想問,1,1,11/03/2021 9:19
真的很有素養..佩服,0,0,11/03/2021 7:37
大家要小心，我之前看過一單新聞，說什麼薑汁撞奶只要煮的時間太長，可能會發生爆炸,0,2,11/03/2021 7:29
我的綽號是「老江」，影片一開始嚇我一大跳😂😂😂,3,0,11/03/2021 0:37
討厭薑的集合啊！！！,1,2,10/03/2021 23:14
👇,,,
J個手速,0,0,10/03/2021 22:12
他一開始跟最後瀏海不同邊欸,1,1,10/03/2021 20:18
最後要吃時候，超可愛😜😋,0,0,10/03/2021 19:21
哇！好像很好吃！,0,0,10/03/2021 19:20
同款的碗耶！,0,0,10/03/2021 19:16
請問老薑磨碎要去皮嗎？,1,1,10/03/2021 17:26
我不喜歡這個講話方式,1,1,10/03/2021 17:13
一定要老的薑嗎？,0,0,10/03/2021 17:12
骏哥好帅！,0,0,10/03/2021 17:07
不吃薑(ŏ_ŏ),0,0,10/03/2021 13:25
最後那個沒喝到的畫面好療癒 （咦？,0,0,10/03/2021 11:40
可不可以不要用唱的.....,0,0,09/03/2021 23:51
溫度不能太高 不然凝不起來,0,0,09/03/2021 23:11
跟豆花一樣道理嗎？,0,0,09/03/2021 22:48
薑汁感覺好麻煩喔,0,0,09/03/2021 22:08
莫名想到青蛙撞奶,1,0,09/03/2021 19:03
還以為要轉行變料理台了,1,0,09/03/2021 7:17
想吃,0,0,09/03/2021 0:39
哇！進攻美食節目耶。有得學，又有得吃，太好康了吧,36,0,08/03/2021 21:55
那記得幫我寄過來呦！😂😂😂,1,0,08/03/2021 20:50
"謝謝阿駿,這個配方我找超久的!!!!!!!!!!!!!!!",8,0,08/03/2021 20:45
好吃吗？(我没吃过),0,0,08/03/2021 20:28
我也試過 結果失敗的很徹底QAQ,3,2,08/03/2021 19:40
一開始是要看冷知識 可是看到後來都在聽唱歌w,125,2,08/03/2021 18:01
阿駿老師的小廚房系列 讚喔,38,0,08/03/2021 17:38
最後一幕超像奶凍！,63,0,08/03/2021 17:29
優質點心啊,4,0,08/03/2021 17:20
想到當初自己在嘗試的時候也是失敗了幾回,0,0,08/03/2021 17:13
連續喝了兩個禮拜的薑汁牛奶，終於成功了!!😂,483,6,08/03/2021 16:51
hi,0,0,08/03/2021 16:51
下落時，空氣會進入降落傘將傘面撐開，傘面所產生的空氣阻力降低了降落速度，小狗就能安全著陸囉~😁,374,16,05/03/2021 17:16
除了降落傘，你還有在什麼地方看到這種減速裝置呢?,,,
我做不到啊,0,0,14/04/2021 17:36
玩了一次后，棉线就纠缠在一起了，好难解开,0,0,13/04/2021 14:02
我玩過很好玩,0,0,11/04/2021 14:06
真優質,0,0,11/04/2021 10:32
重物好可愛,0,0,05/04/2021 10:42
屌哇！,0,0,03/04/2021 13:41
太酷了,0,0,02/04/2021 23:13
智障,0,0,02/04/2021 22:01
好久没玩了,0,0,02/04/2021 21:04
小时候经常这么玩,0,0,01/04/2021 3:48
牛逼,0,0,31/03/2021 20:24
中間開點小洞有助於垂直穩定降落不亂跑喔,0,0,29/03/2021 22:10
最後一幕好怕撞到電視,0,0,29/03/2021 1:32
小時候的塑膠玩具放大版😂小型的是兵,0,0,26/03/2021 21:06
神空估力～,0,0,25/03/2021 11:43
哇的法,0,0,20/03/2021 16:09
👍👍👍👏👏👏👍👍,0,0,20/03/2021 9:29
这个以前我和我朋友玩过但是我是用，袋子的“把手”困住玩具然后扔上去,0,0,17/03/2021 23:29
之前國中的時候有科創競賽是在比誰製作的天降騎兵可以最慢降落，雖然最終沒得名，但是真的超好玩的(๑•̀ω•́๑),0,0,17/03/2021 21:30
好可愛呀 嘿嘿🥲✨,0,0,17/03/2021 21:07
小时候不是也会有戳戳乐里面的阿兵哥降落伞，我超爱玩😂😂,0,0,17/03/2021 19:27
在上面綁炸彈試試好了,0,0,16/03/2021 17:48
Nice video!😊👍,1,0,16/03/2021 17:43
好酷,1,0,15/03/2021 17:15
绑死动物,1,0,13/03/2021 23:58
cool,1,0,13/03/2021 21:29
上面可以開一個小洞,1,0,12/03/2021 17:29
我突然想到...玩具總動員1的隊長🤣🤣🤣,2,0,12/03/2021 16:04
阿駿笑容真的好可愛☺️,10,0,12/03/2021 12:17
真的很尷尬,1,0,11/03/2021 23:02
如果一個人類48kg/150cm，也想安全著路，請問傘要多大呢～？？（認真問,1,0,11/03/2021 18:51
地心引力~,0,0,10/03/2021 17:54
剛好科學專題研究要做降落傘，謝謝阿俊,0,0,10/03/2021 17:43
這講話聽了都賭爛,0,0,10/03/2021 8:05
sb,0,0,10/03/2021 0:33
單純覺得很可愛,0,0,10/03/2021 0:05
老師真是千年一遇的好老師! 做的實驗讓大人們也都很想試試,0,0,09/03/2021 23:39
我的國中老師也有叫我做這個實驗,0,0,09/03/2021 19:23
你到底為什麼這麼萌？？？,0,0,09/03/2021 18:07
可以做實驗嗎,,,
我明明照着做了啊，每個步驟都一樣，只是把重物換成我自己,0,0,09/03/2021 15:38
先不說了，醫院Wi-Fi很慢,,,
狗狗公仔：我~好暈~~,1,0,08/03/2021 21:22
空~氣~阻~力~！,0,0,08/03/2021 20:05
再大一點可不可以自己跳,0,0,08/03/2021 18:37
坐飛機落下來撿槍杀還沒落的敵人,0,0,08/03/2021 17:10
你真的很可愛🥺,1,0,08/03/2021 15:50
我怎麼想到哆啦a夢,0,0,08/03/2021 15:45
"上完兩堂科學堂後,又可以上一堂課堂,真爽!(◍•ᴗ•◍)",3,0,08/03/2021 10:52
剛剛這樣綁在身上 我現在人在醫院 有人要送吃的嗎,0,0,08/03/2021 10:45
阿駿越看越帥xD,6,0,08/03/2021 10:43
很喜歡看你的影片(人 •͈ᴗ•͈),0,0,08/03/2021 4:56
看你的影片除了覺得內容很新奇之外,,,
也覺得你很可愛 每次看都覺得心情很好哈哈,,,
小可愛😍,0,0,08/03/2021 3:31
首先你要保持冷靜,0,0,07/03/2021 23:56
好可愛～好好玩～(*´ω｀*),1,0,07/03/2021 22:39
巨大化是不是可以綁人上去,0,0,07/03/2021 22:19
好酷哦！這是放火嗎,0,0,07/03/2021 21:40
有腦有知識又可愛又好笑，讚讚,2,0,07/03/2021 20:08
你有一直都市更新條例修正草案。我的小孩子不能夠接受媒體訪問時表示⋯⋯在這裏嗎⋯⋯在這裏工作是我的手說要帶我們回家,0,0,07/03/2021 19:46
厲害,0,0,07/03/2021 18:38
可以在中央戳一個小洞，就不會一直繞圈and偏掉喔,0,0,07/03/2021 18:21
轉圈圈(,1,0,07/03/2021 15:29
老師 請問多玩幾次線會纏住，有什麼方法可以克服嗎？謝謝,0,0,07/03/2021 13:48
折成等腰三角再剪就是八邊形了啊,0,0,07/03/2021 13:43
為什麼可以這麼帥,0,0,07/03/2021 10:09
讓我想到火影忍者鹿丸與他老婆考試的時候,0,0,06/03/2021 23:22
你應該要去當教師，救救臺灣偏鄉孩童,0,0,06/03/2021 21:37
記得國小有做過降落傘的DIY重物是放雞蛋,2,1,06/03/2021 20:26
人可以当作 重物吗？,0,0,06/03/2021 19:54
狗的迫降？？,1,0,06/03/2021 19:36
直覺感覺你深受女性的歡迎，很有趣很可愛的一個人餒~,9,0,06/03/2021 18:47
很實用以後低成本就可以做玩具給我兒子玩了,8,0,06/03/2021 16:27
剪八角遇到困難,6,0,06/03/2021 15:44
每次都超喜欢看～话说最后怎样转啦😂,2,0,06/03/2021 15:28
阿駿老師要怎麼剪八角我的都沒辦法跟你樣,9,2,06/03/2021 7:06
骏哥超帅！,0,0,06/03/2021 0:14
我拿我阿嬤家的垃圾袋(垃圾袋裡還有垃圾，我直接倒在地板上)然後就被我阿嬤罵了..,0,0,05/03/2021 23:54
空氣阻力~,1,0,05/03/2021 23:45
可愛如你~,,,
我們國三的理化老師都一直拿你的影片上課，讚啦，我真的對理化有興趣了，謝謝阿駿,388,20,05/03/2021 23:36
是說這個頻道的特色是最後一定要唱歌嗎,9,1,05/03/2021 22:58
謝謝你，每個實驗都是詳細解說，又過程不繁雜，讓孩子都想要試試，這樣就不會害怕排斥這類科目😊,189,0,05/03/2021 21:15
小狗贏了,1,0,05/03/2021 21:11
我還以為會是：「降～落～傘～」,161,4,05/03/2021 20:33
阿駿你幾歲阿,0,0,05/03/2021 19:57
兩隻小狗是阿駿養的嗎 哈哈,85,1,05/03/2021 18:25
为什么要橡皮筋？,1,3,05/03/2021 18:17
之前在學校玩被罵亂丟垃圾==,0,0,05/03/2021 17:49
阿駿阿駿！為什麼有一些人會在這種降落傘上面剪一個洞,88,3,05/03/2021 17:28
阿駿頭很香🤣,2,0,05/03/2021 17:20
太有創意啦,10,0,05/03/2021 17:17
當風吹過氣球上半部的曲面時，風會沿著曲面流動(如同片尾的水流)，使氣球受到往風吹方向的作用力,314,3,03/03/2021 17:21
把原子筆掛在氣球上可以讓整個物體的重量與作用力達到平衡，就能飄在空中囉~😁,,,
你的影片是很好看，可是你最後的說是康達效應我覺得有點怪,0,0,10/04/2021 0:34
氣球裡面裝什麼氣體、充多少氣，充氣後的氣球大小、形狀、重量，吹風機風量、風速、角度，每一種都要算準才能漂的起來，操作起來實屬不易。,0,0,04/04/2021 11:24
阿駿笑起來好可愛呀,0,0,27/03/2021 19:50
你的吹風機跟我家的一樣耶🌚,0,0,27/03/2021 19:45
😂👍,0,0,25/03/2021 13:34
最後那一幕是怎樣,1,2,23/03/2021 23:31
那吹風機我家有耶,0,0,22/03/2021 19:19
吹風機和我家的一樣,0,0,18/03/2021 0:22
不去拍片實在可惜,0,0,16/03/2021 15:04
我有个大胆的想法，把气球换成……然后就是condon effect,0,0,15/03/2021 3:24
沒有氣球的同學可以用保*套代替,0,0,11/03/2021 15:41
奇怪是大家都用一樣的吹風機嗎？我們家是用這歌，我同學也是，你也是😂,0,0,09/03/2021 21:20
笑死，吹風機一模一樣,0,0,09/03/2021 19:26
竟然跟我們家的吹風機一模一樣,0,0,08/03/2021 18:19
這集的笑容看起來好邪惡,0,0,08/03/2021 13:55
會不會失敗很多次阿？,0,0,06/03/2021 18:51
我用的跟他同一個吹風機哈哈哈,0,0,06/03/2021 18:18
這個也是基本常識,0,0,06/03/2021 9:28
哇！！！把头发背过去好帅！,0,0,06/03/2021 5:11
其實我會想看的並非科學原理，只是為了聽最後用唱的那個語調,9,0,06/03/2021 2:40
笑得很可愛,0,0,06/03/2021 1:25
sb,0,0,05/03/2021 21:10
阿駿真的好可愛,22,0,05/03/2021 20:14
瀏海掀起來：我好了,24,0,05/03/2021 19:50
我也是用這台吹風機，好用,0,0,05/03/2021 19:31
同款吹風機🙋🙋,0,0,05/03/2021 17:52
可愛到發芬😍🤗,0,0,05/03/2021 14:19
有沒有覺得屁股刺刺的,0,0,05/03/2021 12:42
骏哥帅！,0,0,05/03/2021 11:56
如果10年前遇到你我應該不會這麼討厭物理😍😍,3,0,05/03/2021 2:05
头发吹起来的瞬间有帅哦,0,0,05/03/2021 1:51
發現另一個髮型的阿駿也蠻帥的😂,0,0,05/03/2021 1:39
瀏海被吹起ㄉ時候很好看😂或許可以考慮換髮型🤔😏,153,4,05/03/2021 0:00
好活潑🤣🤣,1,0,04/03/2021 21:36
地板沒事嗎,0,0,04/03/2021 19:49
戀愛了,0,0,04/03/2021 17:04
我覺得做這些實驗都好有趣喔！,1,0,04/03/2021 16:46
弱智,0,0,04/03/2021 13:15
可以拍衣架套頭的影片嗎XD,0,0,04/03/2021 1:56
有驚奇到👍,0,0,03/03/2021 22:45
每次看到你實驗成功時的笑容，真的很樂在其中，真好！,62,1,03/03/2021 22:39
哇~飄起來了:D,4,0,03/03/2021 20:35
頭髮又長了！？,0,0,03/03/2021 20:32
wow！可惜我家沒氣球哈哈哈,0,0,03/03/2021 19:14
我家的吹風機跟你的一樣餒 哈哈,0,2,03/03/2021 18:38
還是有點不太懂哈哈哈,4,0,03/03/2021 18:11
我好奇的是 淹水了沒🤣🤣🤣,3,0,03/03/2021 17:44
（（趕快跑,,,
阿駿好可愛,4,0,03/03/2021 17:41
這效應也太強了吧 讚,0,0,03/03/2021 17:37
水流的畫面可以看的很清楚曲面造成的效果呢～,79,0,03/03/2021 17:25
人的頭形也是曲面，莫非?!😳,249,18,03/03/2021 17:21
頭香（？,0,0,03/03/2021 17:21
哇嗚！好酷,1,0,03/03/2021 17:21
一,0,0,03/03/2021 17:21
熱空氣比冷空氣的密度低，所以加熱袋内的空氣會使整個天燈的密度小於周圍的大氣,818,10,26/02/2021 17:46
天燈就能飛起來囉😁,,,
還挺環保的明年元宵節繼續用😂😂😂,0,0,13/04/2021 23:41
小骏太可爱了🤣,0,0,12/04/2021 3:23
元宵節快樂~,0,0,08/04/2021 21:12
好可爱,0,0,08/04/2021 20:12
客家天燈,0,0,08/04/2021 19:43
阿駿是哪國人阿？,0,0,07/04/2021 14:04
我想看垃圾袋套他頭上,0,0,05/04/2021 18:40
我清明節看到這個是怎麼回事XD,0,0,04/04/2021 19:10
好可爱😍🤣,0,0,02/04/2021 13:29
原来是侄子吗xD还以为是儿子了🥰父爱满满的一集（？,0,0,29/03/2021 20:13
做到一半媽媽來了，臉有點痛先去休息了,0,0,28/03/2021 17:02
这小孩钱途光明,0,0,22/03/2021 18:56
容易頂天,0,0,17/03/2021 11:56
發熱膨脹,0,0,17/03/2021 11:34
發射,,,
🤭🤭🤭,,,
很疗愈,0,0,15/03/2021 7:48
我只是看了二十多遍🌚🌚,0,0,14/03/2021 17:10
我同學上次做這個，飛上去的塑膠袋掉下來，可能是因為破洞直接掉到他的頭，重點是還拿不下來，雖然後拿下來了😂,0,0,14/03/2021 8:27
我有看你抖音,0,0,13/03/2021 20:51
有其父必有其子,0,0,13/03/2021 17:49
好可愛🌚💖換他經營吧XD,1,0,13/03/2021 12:20
影片很棒，訂閱囉~~,0,0,12/03/2021 20:23
好想當你小孩🥺🥺,0,0,11/03/2021 22:46
很讚的分享！😊👍,0,0,11/03/2021 20:07
天啊這小孩也太可愛了吧~尤其是那句元宵節快樂,1,0,10/03/2021 20:19
小孩好可愛,0,0,09/03/2021 19:59
教學很實用,,,
合在一起=一定要訂閱,,,
那个小孩好可爱😍,1,0,08/03/2021 21:29
有你的真傳了那個旋律🤣,0,0,08/03/2021 17:11
後面我還以為袋子會掉下來掉在頭上,0,0,07/03/2021 18:08
原來你結婚了omg,0,0,07/03/2021 15:58
好可愛,0,0,07/03/2021 14:59
然後垃圾袋剛好落在自己頭上(・∀・),0,0,06/03/2021 21:08
一開始不應該說垃圾袋應該說sb,1,0,06/03/2021 3:49
遠消解蒯ㄌ,0,0,05/03/2021 23:28
元宵快樂~~~,0,0,05/03/2021 12:47
阿駿 缺男友嗎,0,0,05/03/2021 10:07
弟弟好可愛,1,0,04/03/2021 20:38
大家一起製造環境垃圾~,0,0,04/03/2021 9:26
世界可愛！！！！,0,0,04/03/2021 1:09
這是時空間扭曲的原理嗎？,0,0,03/03/2021 23:22
不能常做这个，会污染环境,0,0,03/03/2021 23:15
弟弟好可愛唷 你是他哥哥嗎,0,0,03/03/2021 22:59
學得很像欸👍👍,0,0,03/03/2021 21:26
阿駿最後那個笑，好像我3、4年級自然老師喔,0,0,03/03/2021 19:34
好療癒,0,0,03/03/2021 15:10
哎呀那個小不點好可愛，小奶音太萌了,0,0,02/03/2021 23:20
長大後也用小奶音繼承這個頻道，這就棒棒了(變態老阿姨流口水,,,
Ps 這個跟我小小的妹妹玩一下www,,,
不要再放天燈了 因為有可能會引起山火,1,0,02/03/2021 21:32
呃…,0,0,02/03/2021 19:03
太可愛了這小孩子😂😂最後那句完美繼承了,0,0,02/03/2021 18:01
那個是不是你的小孩 我驚,0,0,02/03/2021 14:38
哇 飛起來了,0,0,02/03/2021 8:29
音對了,0,0,02/03/2021 3:01
你當爸爸,0,0,01/03/2021 21:02
我家火警响了,0,0,01/03/2021 19:16
小心一点,0,0,01/03/2021 18:24
被小孩最後的可愛聲音講著「元宵節～快～樂～」萌到爆❤️真的是太可愛了啦！,0,0,01/03/2021 17:10
海燈節,0,0,01/03/2021 16:41
要是烧到纸箱就是另一个故事了,0,0,01/03/2021 15:55
的弟弟超可愛的rrr,0,0,01/03/2021 15:49
好可愛,0,0,01/03/2021 15:15
屍袋....,0,0,01/03/2021 14:45
誰家垃圾袋飛來我家！,0,0,01/03/2021 14:44
元宵節快樂~😂,0,0,01/03/2021 13:39
繼承阿俊的頻道,0,0,01/03/2021 13:15
弟弟好可愛,0,0,01/03/2021 13:10
結尾後繼有人了😂,0,0,01/03/2021 13:06
元宵節快樂,0,0,01/03/2021 12:46
弟弟好可愛,0,0,01/03/2021 12:37
天外奇蹟啊,0,0,01/03/2021 12:35
頻道交椅出現了！,0,0,01/03/2021 11:11
弟弟跟阿駿都好可愛唷！,0,0,01/03/2021 10:31
配樂很好聽，很溫馨,0,0,01/03/2021 10:08
好環保的天燈😊,0,0,01/03/2021 9:52
我還在思考：這是兒子嗎,0,0,01/03/2021 8:56
孔明灯,0,0,01/03/2021 1:54
犯规 拿小孩买萌😂😂,0,0,01/03/2021 1:08
超帥的QQ我的菜,0,0,28/02/2021 23:31
0:23元宵節快樂～真可愛,0,0,28/02/2021 23:14
我會先被我媽打,0,0,28/02/2021 22:30
好可愛喔,0,0,28/02/2021 21:59
我只知道达赖拿人点天灯,0,0,28/02/2021 21:28
天真的我：哇我以為阿駿只能在抖音上看到欸,0,0,28/02/2021 21:19
是說熱對流不會使垃圾袋融化嗎🤣,0,0,28/02/2021 20:59
祝你們元宵節快樂❤️,0,0,28/02/2021 20:54
好可愛,0,0,28/02/2021 19:40
小孩：元宵節快樂～（🎵🎶🎵🎶,1,0,28/02/2021 19:22
小孩很可愛,0,0,28/02/2021 18:50
這個音樂對了,0,0,28/02/2021 18:43
讓我想起天外奇蹟,,,
所以我說紙箱不是易燃物品嗎（？,0,0,28/02/2021 18:27
hhhhc好可爱,0,0,28/02/2021 18:22
請問這小男孩是誰,0,0,28/02/2021 17:01
好可愛的小孩～,0,0,28/02/2021 16:22
我在抖音看過了！你有抖音,0,0,28/02/2021 16:07
感覺當你的小孩好幸福呀😳,3,0,28/02/2021 16:05
up,0,0,28/02/2021 16:03
哎呀！好可愛！,0,0,28/02/2021 14:28
好可愛喔！你好棒,0,0,28/02/2021 14:06
可可愛愛,0,0,28/02/2021 14:01
厲害,1,0,28/02/2021 12:55
好可愛✨,69,0,28/02/2021 10:47
這種天燈不會亂飛成為垃圾，用完還可以再拿來當垃圾袋真棒,,,
樂圾袋,524,12,28/02/2021 10:32
黏一圈,,,
套紙箱,,,
點蠟燭,,,
燒起來～,,,
營～火～晚會～～～,,,
因為大氣壓力不同的關係,0,0,28/02/2021 6:57
結果引致熱空氣上升冷空氣下沉,,,
小弟弟的「元～宵～節～快～樂～🎵」太可愛了啦❤️❤️❤️,1,0,28/02/2021 2:22
阿駿剪頭髮！！,0,0,27/02/2021 23:39
剛剛才在抖音上看到www,0,0,27/02/2021 22:59
有其父必有其子🤣🤣,7,1,27/02/2021 22:31
还会说你每天说的话,0,0,27/02/2021 22:10
是你的弟弟们好可爱好懂事哦,0,0,27/02/2021 22:10
0:21,0,0,27/02/2021 20:58
这小孩能继承这频道了啦！！！哈哈哈。。音调都没错,42,0,27/02/2021 20:33
小弟弟有學到那個旋律😂好可愛,2,0,27/02/2021 20:22
請解釋看完影片心跳加速的原理❤️,0,0,27/02/2021 20:12
我生日,0,0,27/02/2021 20:01
抖音有,0,0,27/02/2021 19:38
這個真的 比 平溪天燈好太多了。,21,0,27/02/2021 19:28
環保又美好。阿駿牌天燈 1元,,,
这个bgm好熟悉,1,2,27/02/2021 19:28
请问是什么@@,,,
然后实验很有趣:DD,,,
小朋友应该会有兴趣看,,,
好可爱呀qwq❤️❤️❤️❤️,0,0,27/02/2021 18:33
太可愛了吧☺️,0,0,27/02/2021 11:59
他太可愛了,0,0,27/02/2021 9:41
以後底迪上工！,0,0,27/02/2021 9:40
好可愛！！,2,0,27/02/2021 9:25
大家元宵節快樂！,0,0,27/02/2021 8:01
這家都吃可愛長大的！？♥️❤️♥️❤️,17,0,27/02/2021 6:21
好可愛wwwww,2,0,26/02/2021 23:58
駿駿也祝你和家人元宵節快樂！,0,0,26/02/2021 23:42
這天燈比較環保,0,0,26/02/2021 23:31
好酷！,0,0,26/02/2021 23:23
天外奇蹟的bgm誒 滿配的,23,0,26/02/2021 22:55
好可愛的一部影片😍,,,
就這樣蓋上去會不會在形成熱空氣前蠟燭就沒氧氣燒了~？,0,1,26/02/2021 22:23
最後一句是不是練習很多次wwwww,1,0,26/02/2021 22:22
是不是剪頭髮了！？哈哈元宵節快樂,0,0,26/02/2021 22:11
元宵節快樂！,0,0,26/02/2021 22:00
太可爱！,0,0,26/02/2021 21:43
元宵節快樂～,0,0,26/02/2021 21:38
好可愛 重看好幾遍🥰,3,0,26/02/2021 21:26
這一集父愛太強ㄌ,27,2,26/02/2021 21:06
換弟弟做結尾了😆😆,156,0,26/02/2021 20:38
融化了！好可愛😍,7,0,26/02/2021 20:36
太可愛了吧 😍,6,0,26/02/2021 20:12
不要這麼帥好不好🥺,111,1,26/02/2021 20:02
太可愛了吧！,6,0,26/02/2021 19:46
弟弟好可愛耶！也學阿駿說話，阿駿上新聞了,70,0,26/02/2021 19:38
元宵节快乐,1,0,26/02/2021 19:35
阿駿你好，大陸快手一個叫「曼晨物理阿連」的人在完全抄襲你，他也是知識型的影片製作者，跟你一樣在影片裏面講一些科學原理，一開頭我覺得也沒什麼，直到是最後說出來的那個聲調，完全就是在學你，可能只是我個人覺得是在抄襲吧，模仿抄襲也不好說。,9,3,26/02/2021 18:43
剪頭髮了哈哈哈哈,0,0,26/02/2021 18:29
元宵節快樂😄🎉🎆,1,0,26/02/2021 18:28
😍超可愛的🥰,3,0,26/02/2021 18:06
连调都没错 这小孩。能继承这个频道了,2248,19,26/02/2021 18:02
好可愛😍,3,0,26/02/2021 18:01
元宵節快樂,1,0,26/02/2021 17:55
好可愛！,12,0,26/02/2021 17:49
最後那個「元宵節快樂」好可愛❤️,765,0,26/02/2021 17:47
嗯哼哼哼哼～（心跳💗,19,1,26/02/2021 17:47
姪子好可愛啊啊啊～❤️❤️❤️,,,
膠帶是稍微有點重量就可以了嗎？,,,
大家元宵節快樂~🥰,681,7,26/02/2021 17:46
每次看完都覺得上了一課,180,14,26/02/2021 17:46
不要把我的讚變成奇數,121,1,26/02/2021 17:46
第一,0,0,26/02/2021 17:46
剝皮時要留下中間白色的梗當燈芯，這個梗會因毛細現象而將沙拉油一直往上吸，受熱的沙拉油會汽化成可燃物，就能使火焰持續燃燒囉~😁,388,10,24/02/2021 19:02
霜月 已經切割過了,0,0,10/04/2021 15:12
🍊,0,0,04/04/2021 20:41
👍💯～～～～～～,0,0,04/04/2021 20:41
喜歡橘子燈,0,0,03/04/2021 21:24
跟酒精燈的原理是一樣的吧,0,0,31/03/2021 15:20
其实你只是想吃橘子而已对不对🤓😂🤣,0,1,31/03/2021 13:49
毛細現象~ 虹吸現象~,2,1,30/03/2021 21:18
“嫑”面張力~,,,
好希望自然課有你的影片,0,0,29/03/2021 21:45
感覺橘子好好吃喔,0,0,28/03/2021 22:53
這超好玩~小時候我還在上面把臘肉加熱，臘肉就會有橘子味，好吃~~☺️☺️,1,0,22/03/2021 12:55
我以為你要唱：橘子燈~~🎵,0,0,21/03/2021 20:34
橘子皮加橄欖油我以為又要莎莎給油,0,0,18/03/2021 23:48
記得註明危險動作請勿模仿，想想小野,0,0,17/03/2021 19:20
我把橘子皮烧掉了,0,0,17/03/2021 1:47
點燃(x),1,0,15/03/2021 10:47
致命點鹽(o),,,
by猴哥藍林漢,,,
NOOB,1,0,14/03/2021 12:45
NOOB,,,
NOOB,,,
NOOB,,,
分我一片橘子,0,0,12/03/2021 18:31
笑起來真的好可愛,1,0,11/03/2021 3:13
乾 這個要怎麼剝成這樣？,0,0,10/03/2021 16:45
我正在吃橘子🍊😂,0,0,10/03/2021 13:53
我很喜歡你的這些科學實驗的影片，加油,0,0,10/03/2021 12:15
給個真心建議，還記得幾年前有國中女生用可樂瓶做爆米花嗎？,5,1,10/03/2021 12:14
希望這樣的悲劇不要在發生，所以請記得給觀眾一點警示的字體,,,
轻轻唱。🚫,0,0,09/03/2021 20:59
撞門,0,0,09/03/2021 13:44
淋电油,,,
燃點,,,
登登........,,,
縱火狂徒😂,,,
好吃嗎？,0,0,08/03/2021 23:06
这不是中国快手上一个物理老师的形式么🌝,0,0,08/03/2021 13:50
✋好奇要怎麼做可以撥保留那麼完整的皮~,0,0,08/03/2021 10:48
橘子燈 ok,0,0,08/03/2021 3:47
你是何方神聖？可以直接剝開橘子🍊,1,0,06/03/2021 2:53
orange不是橘子啦,0,0,04/03/2021 18:40
是柳橙,,,
超低能尤其最後說的那句話,0,0,03/03/2021 15:07
我以為要作肥皂的皂化現象。,0,0,02/03/2021 22:34
最近的看到沙拉油就想到...,0,0,02/03/2021 5:32
剝皮高手(ʘᴗʘ✿),0,0,01/03/2021 21:30
我的油倒出來之後就被喝走了,0,0,01/03/2021 20:36
阿駿表示：橘子真好吃,0,0,01/03/2021 19:18
橘子的英文應該是tangerine吧,0,0,28/02/2021 23:36
不知道為啥你說橘子燈會戳到我的笑點😂,7,0,28/02/2021 20:21
最近很常在tiktok看到你上推荐，所以就关注了！,2,0,28/02/2021 12:11
🤮🤭🤮🤢🤢🤢,0,0,28/02/2021 9:23
會不會整個燒起來,0,0,28/02/2021 8:59
妙招耶!👍 以後停電 要是找不到蠟燭 有第二方案可替代了XD,0,0,28/02/2021 7:40
放著在房間有橘子香味嗎,0,0,28/02/2021 2:53
聽了你的話我把家給點了，請問你要負責嗎？,0,0,28/02/2021 2:36
我发现你很像陈赫诶,0,0,27/02/2021 23:19
說橘子燈時我笑了😄,0,0,27/02/2021 21:27
哈哈，好可愛,4,0,27/02/2021 16:58
橘子能那樣剝皮是什麼原理,0,0,27/02/2021 15:15
想要燈亮一點可以用大柚子皮嗎？哈哈哈,0,0,27/02/2021 13:22
以後不買蠟燭了😁,0,0,27/02/2021 9:19
感覺好好吃,0,0,27/02/2021 0:18
👍👍,0,0,26/02/2021 23:57
"為什麼你的橙,是綠色的",1,0,26/02/2021 19:40
柳丁也可以,0,0,26/02/2021 18:16
真的很有效喔！我試過了。,7,1,26/02/2021 11:44
先不說了，消防車來了,,,
橘子燈(●°u°●)​ 」,1,0,25/02/2021 22:17
最後那cut被電到🤣🤣🤣,5,0,25/02/2021 21:05
也可以曬乾保存，燉肉放一小塊下去,1,0,25/02/2021 20:21
橘子好吃嗎？,0,0,25/02/2021 19:04
這個我喜歡😍,1,0,25/02/2021 15:03
笑死,0,0,25/02/2021 14:24
橘子燈的眼睛超可愛的😍,1,0,25/02/2021 13:17
講“橘子燈”時的語調好柔,100,2,25/02/2021 9:58
應該先教怎麼剝橘子皮啦😁😁😁,2,0,25/02/2021 9:56
我國中八上有在基科課做過 但橘子怎麼弄比較好跟皮分離阿？,1,0,25/02/2021 1:46
哈哈哈哈 最後那一根白毛很好笑,52,0,25/02/2021 0:24
我果皮都拿來當有機肥料了@@,0,0,25/02/2021 0:20
沙拉油的橘子燈，燃燒的味道如何？🤔,2,0,24/02/2021 21:59
橘子燈酷！只做過清潔劑,1,0,24/02/2021 21:53
還以為要做皂化石🤣,73,0,24/02/2021 21:07
請問如果是倒甲醇呢😂,1,1,24/02/2021 20:30
你的橘子🍊看起來還沒熟欸🤣,6,3,24/02/2021 20:05
會不會很酸,,,
你是何方神聖,35,0,24/02/2021 19:58
直接把橘子給扭到皮都沒了(X,,,
你怎麼剝的，也太平整w,1,0,24/02/2021 19:54
等等，你家橘子怎麼可以手一扭就剝皮Σ（ﾟдﾟlll）,290,2,24/02/2021 19:42
剛剛還重播在找燭芯，才看到留言說是一開始就留下的橘白絲,,,
甜不甜？,6,1,24/02/2021 19:34
最愛看你的影片了,7,1,24/02/2021 19:31
🌚🌚🌚,0,0,24/02/2021 19:09
哈哈😄🥳🥳🥳🥳🤩🤩🤩🤩🍈🎼🎼🎼🎺🎸🚓🚌4️⃣5️⃣6️⃣,1,0,24/02/2021 19:07
我是聽其他人說能當清潔劑,2,0,24/02/2021 19:06
還是不懂,1,1,24/02/2021 19:05
？,0,0,24/02/2021 19:04
骏哥帅帅,15,0,24/02/2021 19:04
好有趣啊！,9,0,24/02/2021 19:04
硬幣質量較大、慣性也較大,344,7,22/02/2021 17:35
所以在敲打盒子的時候，盒子不斷往下移動，而硬幣會停留在原高度，就像快速抽桌巾，但桌上的東西會留在原地一樣,,,
因為我們將盒子保留在同個位子，所以硬幣就慢慢跑出來囉~😁,,,
用筆敲也可以哦~,,,
什麼音樂？,0,0,12/04/2021 21:09
跟用兩個撲克牌用釘書針釘著，裡面夾硬幣，再用筷子輕輕敲打撲克牌，硬幣就會出來,0,0,03/04/2021 15:00
為什麼你每次都可以成功我好想跟你一樣啊而且要這麼聰明,0,0,01/04/2021 19:03
為什麼會這樣?🤔🧘,0,0,28/03/2021 23:04
我覺得這有雙關，震久了會有東西跑出來,0,0,26/03/2021 15:00
我懷疑你在開車，但我苦無證據XD,0,0,22/03/2021 8:19
求歌名,0,0,20/03/2021 23:10
振的舒服嗎？,0,0,18/03/2021 21:50
你的笑容很像，一位吃撥討海人吃爆頭的樣子,0,0,17/03/2021 19:11
訂書針盒，硬幣...組合，跳蛋，震動...啊~啊~慣性.....,0,0,16/03/2021 17:25
沒有筋膜槍我用女友的電動玩具試 真的可以,0,0,14/03/2021 19:37
怎么笑的那么猥瑣ww,0,0,14/03/2021 19:14
出~~~來~~~~了。,0,0,11/03/2021 9:38
（有聲音的文字檔）,,,
为什么这个笑容跟uncle roger一样，看了心情会变好,0,0,11/03/2021 5:06
靠妖好帥,0,0,11/03/2021 0:57
求bgm,0,0,10/03/2021 11:29
超帥,0,0,08/03/2021 19:29
你牙齒也太白了吧,0,0,08/03/2021 19:16
最後的笑容讓我看到陽光男孩不為人知的一面😳,7,0,08/03/2021 11:39
原來是業配按摩槍,0,0,07/03/2021 23:55
你笑的好可愛,0,0,07/03/2021 20:58
哈哈好可愛,0,0,06/03/2021 23:27
音樂是 Summertime ！,0,0,06/03/2021 21:55
背景音樂的歌名是什麼啊,0,0,06/03/2021 18:41
好可愛ㄉ笑容(已融化o(*///▽///*)q,0,0,06/03/2021 16:31
所以我把筋膜槍插在肚子上,24,1,06/03/2021 14:15
我就會吐出內臟 😂🤣😂🤣,,,
我給這個笑容一個讚👍,3,0,06/03/2021 12:23
看到筋膜槍我怎麼會突然想到鬥士的影片呢😂😂,1,0,06/03/2021 8:28
你笑起来很好看啊！,0,0,05/03/2021 20:37
請問音樂叫甚麼名字呢？,0,0,05/03/2021 6:38
他真的帥，你們說是吧,0,0,04/03/2021 1:26
笑的我的心都要被你偷走了...,0,0,04/03/2021 0:49
被電的笑容,1,0,03/03/2021 19:56
summer time?,1,1,03/03/2021 19:34
振动😳😳,0,0,02/03/2021 22:37
好帥,0,0,02/03/2021 17:20
好可愛喔這個,0,0,02/03/2021 16:40
好想跟阿駿在一起啊啊啊,0,0,01/03/2021 23:37
阿駿笑容真的很好看😆都會重複看好幾次 哈哈,4,0,01/03/2021 23:14
好好笑😂🤣,0,0,01/03/2021 19:53
這個是我喜歡的微笑^^（很陽光,0,0,01/03/2021 18:18
筋膜槍是沒有，但有找到其他東西不知可不可以用,1,0,01/03/2021 14:04
阿駿的笑容太好看了吧！！,26,0,01/03/2021 13:50
我是男生 我喜歡女生,119,4,01/03/2021 10:20
但是...,,,
媽的我喜歡上了他的笑容,,,
我懷疑有人開車,9,0,28/02/2021 20:07
這也太可愛,0,0,28/02/2021 9:27
撲克牌和可以嗎,0,0,25/02/2021 12:59
要叫這間筋膜槍的公司給你宣傳費啦XDDDD,9,0,24/02/2021 15:13
你替他們創造出無限可能了XDDD,,,
怎麼又是經典的 筋=͟͟͞͞膜=͟͟͞͞槍=͟͟͞͞,14,0,23/02/2021 20:33
其实我全程都在看筋摩抢的震动频率,7,0,23/02/2021 12:11
好酷哦 你是我唯一不用加速 還會重複看好幾次的影片哈哈哈,28,0,23/02/2021 5:19
卡一個bgm,2,2,22/02/2021 23:22
雖然剛開始是來學習 可是後來注意力都放在他的微笑XD,510,5,22/02/2021 23:18
你家的筋摩槍怎麼功能比人家家裡的多得多🤔🤔,121,6,22/02/2021 19:42
可愛,3,0,22/02/2021 19:32
發現那個按摩槍不是拿來按摩的哈哈哈哈,2,1,22/02/2021 19:20
可以拿來變魔術🪄！,0,0,22/02/2021 19:18
硬幣：呃呃呃呃呃,1,0,22/02/2021 18:33
哈囉！出現啦！！,,,
😎😎,,,
😁😁,,,
我要按讚的時候，👎這個東西是-2的(？？,2,0,22/02/2021 17:41
要做QA問答嗎~,4,0,22/02/2021 17:39
我終於發現阿駿在句尾的旋律從何而來了，,250,9,22/02/2021 17:37
係『保力達B』,,,
快誇誇我~,,,
管.......星........ 震爆,3,0,22/02/2021 17:35
被凹過的三張紙片，逆時針旋轉時，會使下側的空氣流速較慢、壓力較大,400,10,19/02/2021 16:58
因此將迴力鏢垂直丟出時，外側壓力比內側大，迴力鏢就繞著圈飛回來囉~😁,,,
迴力鏢能飛回來的因素很多，柏努力只是其中之一哦~,,,
白努力~,0,0,08/04/2021 11:56
我曾經做過這個,0,0,20/03/2021 9:27
只不過我們做的是往下飛的竹蜻蜓,,,
我聽成“不努力”,1,0,04/03/2021 22:28
牛,0,0,26/02/2021 0:04
真帥,0,0,24/02/2021 11:51
只聽過迴力標,0,0,23/02/2021 21:21
我听到不努力,0,0,23/02/2021 12:37
迴力鏢是我的陰影欸 好像是國小二年級吧 我爸買了一個迴力鏢給我玩 結果我第一次丟的時候它就飛回來 打在我人中的地方 縫了三針 我那個時候運動神經有夠不好...,0,0,22/02/2021 23:46
😂😂不是我聽錯吧！不努力！,0,0,22/02/2021 19:55
是什麼原理可以讓阿駿長那麼帥,11,0,22/02/2021 13:39
太厉害了,0,0,22/02/2021 2:24
POV:your looking for the one English comment,0,0,22/02/2021 1:58
沒接到(๑¯∀¯๑),0,0,21/02/2021 22:48
（萌,,,
這笑容...受不了,0,0,21/02/2021 19:32
突然想到犬夜叉里珊瑚的飞来骨🌚👍,0,0,21/02/2021 14:47
阿駿請問你一下你有在陸版的抖音發影片嗎,0,0,20/02/2021 19:59
我聽成白努力wwwww,7,1,20/02/2021 19:52
喔,0,0,20/02/2021 18:49
"我一直都想做這些arrrrrrr,cool e!超級感謝分享",11,0,20/02/2021 14:46
聽成 不努力,0,0,20/02/2021 13:28
謝謝。我兒子每天都會吵著要看你的影片，雖然他只是純欣賞⋯⋯ 希望有一天他能受到你的啟發,6,1,20/02/2021 11:46
胡子也拍過這個，如果能合作看看一定能有更多有趣的影片,1,0,20/02/2021 11:39
小可爱,0,0,20/02/2021 10:18
莫努力,0,0,20/02/2021 8:34
當回到桌上的時候,144,0,20/02/2021 2:01
我心想這到底拍了幾次,,,
應該經歷一番激戰,,,
才順利出現在桌上XDDDD,,,
不努力~~~😂,0,0,19/02/2021 23:57
你好帥,0,0,19/02/2021 22:42
嗨～,0,0,19/02/2021 21:57
如果小時候的我看到這影片:淦 只是十字架不行嗎😂😂,0,0,19/02/2021 21:38
这次丢和捡花了多少时间,0,0,19/02/2021 21:07
不努力😂,1,0,19/02/2021 20:32
柏努力 白努力 都比不上,1,0,19/02/2021 19:38
阿姨 我不想努力,,,
哇喔！真可愛⋯⋯已訂閱,0,1,19/02/2021 19:36
好酷喔！,0,0,19/02/2021 19:36
柏努力=不努力,0,0,19/02/2021 19:14
我在抖因已經看過了！,5,2,19/02/2021 19:10
一開始還以為是要做彈弓，原來是回力鏢啊！,49,0,19/02/2021 18:58
太神啦,6,0,19/02/2021 18:56
勃努力~~~！,2,0,19/02/2021 18:30
你老實說，最後一幕你試了幾次XD,384,1,19/02/2021 18:16
骏哥帅！,1,0,19/02/2021 18:04
厲害啊,0,0,19/02/2021 17:58
太神啦,1,0,19/02/2021 17:58
请问你的剪刀哪里买的？,1,2,19/02/2021 17:57
會不會跟上次衣架那樣…,8,0,19/02/2021 17:53
最後面飛回來的畫面重拍幾次🤣,214,2,19/02/2021 17:18
肯定沒接到很多次(≧▽≦),25,0,19/02/2021 17:08
來了,0,0,19/02/2021 17:02
來了！,0,0,19/02/2021 17:00
我最愛看你的影片了😊😊,31,3,19/02/2021 16:59
来了！,2,0,19/02/2021 16:59
將紙炮往下甩時，空氣會進入前端的開口，快速將紙撐開，造成空氣突然振動，就發出了驚人的聲響囉😁,303,15,18/02/2021 17:05
后面的按门铃声尴尬😅,0,0,08/04/2021 0:46
你笑起來好可愛ㄛ,0,0,24/03/2021 22:07
童年,0,0,19/03/2021 22:48
这个是四角炮，还有一个叫做三角炮的。😂😂😂,0,0,18/03/2021 19:44
空氣阻力？？,0,0,14/03/2021 15:36
我是另外一种折法,0,0,13/03/2021 20:08
三角泡,0,0,13/03/2021 15:17
想當年。。。只要小學有人敢嗆我我直接叫兩個人拉著他然後在他耳朵旁邊放這個，還是超大聲的那種XDD,0,0,13/03/2021 14:37
马来西亚的坏学生经常玩的东西,0,0,13/03/2021 2:23
我試過但係唔得,0,0,12/03/2021 18:50
小学被这东西吓哭了,0,0,10/03/2021 18:57
怎麼感覺你的背流汗了,0,0,06/03/2021 16:13
我們學校有一堆人玩，每次都被嚇,0,0,01/03/2021 22:48
有個七在背,0,0,28/02/2021 19:40
你是左撇子嗎？,0,0,27/02/2021 0:05
這種是最簡易的作法 另一種是摺成三角的,0,0,26/02/2021 14:58
我還記得我在課室玩紙炮的時候，一響，我們耳鳴了，差不多全部班級都聽到了...,0,0,25/02/2021 23:27
小學的時候常常玩XDD,0,0,24/02/2021 13:50
之前在學校用大張紙弄 超 大 聲,0,0,23/02/2021 20:25
跟我家一樣的鈴聲Www,0,0,23/02/2021 20:01
这个东西在我学校有一段时间特别火，一到学校就响个不停，不知道的人还以为我学校庆祝什么节呢,0,0,22/02/2021 22:32
玩到很熱、注意到流汗然後空氣震動～,1,0,22/02/2021 13:24
我試過用塑膠文件夾來做,1,0,22/02/2021 12:53
結果被記了一個缺點,,,
為什麼我把標題看成約....(面壁,0,0,22/02/2021 7:55
你的汗在你背上寫了7 www,0,0,22/02/2021 2:34
童年啊R,0,0,22/02/2021 0:27
開門！查水表！,0,0,22/02/2021 0:05
你的汗，像是老虎機台子的七哦~,0,0,21/02/2021 17:55
報紙我以前試過了，不用擔心鄰居沒有打我www,0,0,21/02/2021 17:08
連警察都找你，，有鄰居投訴 有人開槍，，快去開門吧😁😁 哈哈,0,0,21/02/2021 14:54
完全没解释清楚。,0,0,21/02/2021 14:42
多休息,0,0,21/02/2021 13:39
这个不是我们小学时候最喜欢玩的一个吗？,0,0,21/02/2021 10:56
是不是玩太久了 鄰居以為你家怎麼了一直放炮 😂😂,0,0,21/02/2021 8:11
班上發廣告紙時 超大聲又堅固,1,0,21/02/2021 4:02
是七號選手！,0,0,21/02/2021 2:09
多久以前的遊戲了笑死憨仔,0,0,21/02/2021 0:54
被查水表XD,0,0,21/02/2021 0:49
我覺得他我可以,0,0,21/02/2021 0:31
傻逼,0,0,21/02/2021 0:25
说实话，我小学的时候就已经有这种东西了（经常被一些狗逼吓死）,0,0,20/02/2021 19:00
這我還在小學的時候很流行的,0,0,20/02/2021 10:07
這個我小學二年級已經有人在玩了XD,1,0,20/02/2021 9:28
大約五六年之前,,,
小時候在班上最愛一次折四個兩手一起揮，老師都想起當年被響砲支配的恐懼,0,0,20/02/2021 9:17
每次都是來看帥帥又可愛的駿☺️,0,0,20/02/2021 8:52
不覺得他的嘴嘴很像貓咪嗎🤭,,,
我看成約炮,0,0,20/02/2021 8:14
我只在乎那電鈴聲跟我家一樣,0,0,20/02/2021 5:57
這讓我想起以前國中折紙砲聲音大到被主任或校長（忘了）在升旗後訓話禁止再折紙砲的事,0,0,20/02/2021 5:57
我試過用油畫紙，大聲到靠北,0,0,20/02/2021 5:00
海綿體！！搓揉！！床上炒飯！！增產報國~~~,1,0,20/02/2021 0:42
人 吃 饭,0,0,20/02/2021 0:07
我家的電鈴聲音跟你家的一樣,0,0,19/02/2021 23:44
看這姿勢應該有在打棒球！！,0,0,19/02/2021 23:21
甩的時候看到你流好的汗喔😂😂,0,0,19/02/2021 21:59
卧槽！快20年没玩过这个了......90后的我老了......,0,0,19/02/2021 21:37
在我这里这个玩法叫4角炮,0,0,19/02/2021 20:27
哈哈哈,0,0,19/02/2021 20:27
流汗,0,0,19/02/2021 20:03
你背后的汗完美形成了7,11,0,19/02/2021 19:26
我在班上玩過！ 然後就被叫罰站了,0,0,19/02/2021 19:06
我不能,0,0,19/02/2021 18:41
这声音有点吓人，别用这样的声音说话了好吗...,0,0,19/02/2021 18:33
小時候常常玩這個,0,0,19/02/2021 18:24
突然有人按門鈴😆😆😆,0,0,19/02/2021 18:04
好懷念當初把紙飛機射進校長室的時光,1,0,19/02/2021 17:50
我和朋友在学校最高楼的楼梯口玩，结果我朋友啪了一声，我们就去老师办公室吹冷气了，还有不是我玩的，结果我也一样中老师打。,0,0,19/02/2021 17:28
嚇死寶寶...... (我用耳筒開很大聲,0,0,19/02/2021 17:12
好可愛,0,0,19/02/2021 13:58
我班的男同學常這樣然後被老師罵🤣🤣,0,0,19/02/2021 13:52
我都是折三角形的雙響砲,1,1,19/02/2021 12:15
還有踩吹飽氣的鋁箔包原理也一樣嗎,,,
我都拿報紙,1,0,19/02/2021 3:30
有另一種三角形的更大聲［以考卷來說（兩者皆用考卷,1,0,19/02/2021 0:48
神秘的7,0,0,19/02/2021 0:00
用比较硬的纸声音会更大,0,0,18/02/2021 23:53
我一直以為是大氣壓力，原來是空氣震動啊,0,0,18/02/2021 23:17
这是。。。盗片？,0,0,18/02/2021 22:58
我以前经常玩,0,0,18/02/2021 22:15
不止理工一流，幽默演技也是一流🤣🤣🤣,13,0,18/02/2021 22:00
看你背都是汗😓 失敗多少次 哈哈哈哈😂,14,0,18/02/2021 21:50
7字的汗腺 酷！,136,0,18/02/2021 21:23
很热hor,1,0,18/02/2021 21:17
欸！我超怕這個(・∀・),1,0,18/02/2021 20:52
以前我折雙響砲 第一次知道單響怎麼折 也第一次知道原理XDD,6,1,18/02/2021 20:08
0:08 很熱ㄏㄡ,131,3,18/02/2021 19:31
警察以為有命案吧...阿俊為了紙炮做筆錄，也是醉了~,5,0,18/02/2021 19:27
https://youtu.be/072tU1tamd0,1,2,18/02/2021 18:59
能說一下這個的原理嗎,,,
鄰居嚇到衝來按電鈴了XD,5,0,18/02/2021 18:53
哇！,1,0,18/02/2021 18:26
濕 背 秀 (喔)~,7,0,18/02/2021 18:25
這空氣震動的威力…,328,5,18/02/2021 18:15
是讓鄰居按鈴(抗議)的程度啊…😳,,,
為什麼你背 流的汗是7？？,1,0,18/02/2021 18:08
開門！有鄰居指控你藏有大規模毀滅性武器，快把你的槍掏出來！,27,0,18/02/2021 17:45
啊⋯只有我一個人把紙炮看成約炮嗎，害我以為我有機會了,,,
下課時屁孩的無聊遊戲既視感😅,1,0,18/02/2021 17:42
最後那是啥聲音,1,1,18/02/2021 17:38
我想知道骏哥最后是发现了什么 哈哈,19,2,18/02/2021 17:27
最後是發生什麼事情w,23,2,18/02/2021 17:06
班上之前常常玩，真的好吵,196,24,18/02/2021 17:06
好玩,3,0,18/02/2021 17:05
千萬別嘗試用報紙做紙炮!!,114,12,18/02/2021 17:05
榫為凸、卯為凹，木工結合組件的方式，常用於建築或家具,139,4,17/02/2021 17:26
工業化之前，鐵釘都得一個一個敲出來，又貴又不夠堅硬…,,,
而榫卯結構可以防止木件扭動、也不會生鏽，很多榫卯結構的家具與建築，經過上百年還完好如初哦😎,,,
😘😘😘😘😘😘😘🌺🌸❤️🧡,0,0,13/04/2021 9:15
我以為最後一句是說時間太多🤣🤣,0,0,27/03/2021 18:07
"為啥不是""榫毛解購""",0,0,16/03/2021 9:02
可以當設計師了(≧▽≦),0,0,01/03/2021 21:23
這是甚麼房子,0,0,19/02/2021 9:58
想問哪裡買～感覺很好玩！！,20,2,17/02/2021 22:52
這是Lego?,1,1,17/02/2021 21:51
哇～(・∀・),1,0,17/02/2021 20:35
假如我沒有記錯國外就有人利用“榫卯”建了間木屋which可以防地震，但一定防不了白蟻,101,9,17/02/2021 19:47
👍,1,0,17/02/2021 19:38
我記得不是有弧度的那種嗎？(´･ω･`),1,0,17/02/2021 19:21
這影片真適合教小朋友！,13,0,17/02/2021 18:25
骏哥帅帅,3,0,17/02/2021 18:13
古人智慧真D屌,53,2,17/02/2021 17:33
房子沒用到阿，看來不太牢固哦～,10,1,17/02/2021 17:32
👍🏼👍🏼👍🏼,0,0,17/02/2021 17:27
1,0,0,17/02/2021 17:27
左右眼看東西的角度、位置會有一點點差異,97,1,16/02/2021 16:35
這點視差可以協助大腦判斷物體的距離,,,
所以遮住一隻眼睛並低頭轉圈，擾亂物體正確位置時，就不容易準確的彈到目標物囉,,,
快跟朋友比看看，誰能彈到最多次吧~😁,,,
怎麼那麼可愛❤️,0,0,20/03/2021 13:05
慘了，這成大媽頻道了。,0,0,16/03/2021 9:03
為什麼我彈的到?,0,0,13/03/2021 15:48
我做到了,0,0,11/03/2021 16:27
真的吗！,0,1,08/03/2021 21:36
我要做,,,
☹️☹️,,,
我成功了,2,0,06/03/2021 21:00
看了這麼久才知道你超像“林柏宏”，笑起來根本一模一樣,0,0,05/03/2021 12:25
衝啊跟彈不到。也太可愛了吧🥰🥰,0,0,04/03/2021 20:13
没有记错以前学过，不知道对不对,1,0,02/03/2021 23:48
科学动物篇的，有些动物两只眼分别在两边，虽然有更广的视野，但是不能看到前面，也不会判断距离,,,
不要玩飯匙等等被媽媽打手,0,0,27/02/2021 18:52
轉了8圈，左眼右眼都測試..都彈的到,0,0,23/02/2021 11:08
好奇是不是慣用眼的關係？,0,0,21/02/2021 23:55
這個真的很可愛欸,1,0,20/02/2021 10:20
媽媽:飯匙勒？,0,0,19/02/2021 15:02
可惡 我一次就彈到是怎樣,2,1,19/02/2021 1:53
下次要不要表演一開始站離牆壁一隻手的距離,0,0,17/02/2021 14:31
然後一直甩手再去碰就碰不到,,,
什麼啦🤣🤣🤣,3,0,17/02/2021 9:20
這影片也太可愛了吧！,,,
不過左右眼也會因為自己習慣的用眼方式而產生視差喔！,,,
是不是染頭髮了 一直在看頭髮哈哈,0,0,17/02/2021 6:55
可愛到看不到😂,1,0,17/02/2021 2:28
怎麼可以那麼可愛啦😂😂,0,0,17/02/2021 0:37
弹的时候请张开眼睛XD,6,0,16/02/2021 23:29
不知道阿駿的年紀😂,3,1,16/02/2021 21:58
我媽說，大學一定會很喜歡這種學生，她應該是覺得阿駿要生大學了！,,,
彈...彈不到(XD😂,51,1,16/02/2021 19:42
[莫名其妙可愛到],,,
為什麼覺得好像看過🤣🤣,2,0,16/02/2021 19:13
咦 那是飯匙嗎?! ((XDDDDD,4,2,16/02/2021 18:18
還是我看錯 ((別打我XDDDD,,,
就會讓我想到綜藝大集合😂 太好笑了🤭,5,0,16/02/2021 17:44
你是吃可愛長大的嗎,14,0,16/02/2021 17:42
突然有英文字幕了？,1,0,16/02/2021 17:31
真的好可愛😳,8,0,16/02/2021 17:24
你本身是物理老師嗎,0,0,16/02/2021 17:11
髮型很好看,0,0,16/02/2021 17:11
團康玩過 真的會吐,1,0,16/02/2021 17:08
牙敗，,45,0,16/02/2021 17:03
喊衝阿的時候也太可愛，,,,
先去冷靜一下 XD,,,
哈哈哈哈 可爱！,0,0,16/02/2021 16:51
感覺很好玩XD,7,1,16/02/2021 16:46
我的話，轉完以後直接跌倒在地上😂,47,6,16/02/2021 16:36
3D電影也是利用視差來產生立體效果喔~,75,0,16/02/2021 16:35
不戴3D眼鏡的時候會看模糊的重影,,,
3D眼鏡可以讓兩眼分別只看到重影的一個畫面,,,
這樣就能產生立體的效果囉~😎,,,
我也要玩啦！我們來彈鼻子👃,7,0,16/02/2021 16:35
頭,0,0,16/02/2021 16:34
第一名,0,0,16/02/2021 16:34
新年快樂~,732,37,11/02/2021 17:45
這個創意太棒了👏,0,0,14/04/2021 2:23
阿駿請問你單身嗎？,0,0,11/04/2021 18:02
我以为是你儿子,0,0,01/04/2021 11:08
哇塞！,0,0,24/03/2021 20:59
哈哈小掃把耶國小老師也有叫我們買不過都不知道有什麼用處哈哈,0,0,15/03/2021 20:06
这声音好像放鞭炮😂,0,0,13/03/2021 10:07
有這個舅舅在童年一定很好玩🥺,1,0,02/03/2021 1:21
我也想买气球可是妈妈不肯,0,0,17/02/2021 1:32
去外面放不就得了,1,0,17/02/2021 0:20
厲害厲害👍🏻,0,0,16/02/2021 22:56
聲音永遠聽越像How How😂,0,0,16/02/2021 22:20
气球鞭炮,0,0,16/02/2021 22:03
可憐的小朋友,1,0,16/02/2021 21:25
😂😂😂😂😂🤣🤣🤣🤣🤣,,,
求教學🥺🥺🥺,1,0,16/02/2021 20:57
也想要做給侄子玩～太可愛了🤗,,,
✨新年快樂✨,,,
這鞭炮聲讓我想到過年有家在傍晚放鞭炮，超大聲的,0,0,16/02/2021 20:18
我還覺得是你儿子,0,0,16/02/2021 19:49
壓榨勞工。先去勞工局檢舉你 雇用童工,0,0,16/02/2021 19:31
某種意義上是阿駿在克服恐懼,1,0,16/02/2021 15:29
新年快樂,0,0,16/02/2021 14:42
阿駿好可愛,0,0,16/02/2021 12:05
新年快樂,0,0,16/02/2021 8:32
還以為是你兒子,0,0,16/02/2021 0:28
好可愛啊！,0,0,16/02/2021 0:23
祝小可愛新年快樂,1,0,15/02/2021 18:42
💝😘,0,0,15/02/2021 18:23
阿駿哥你的影片被放在大陸抖音哦是你本人嗎？,0,0,15/02/2021 15:43
我沒氣球,0,0,15/02/2021 13:43
外甥,0,0,15/02/2021 0:58
繩子,,,
氣球,,,
寶特瓶,,,
🎉🎉🎉🎉🎉🎉,,,
放鞭炮～～,,,
好酷喔,1,0,15/02/2021 0:33
這個方法真不錯呀！,0,0,15/02/2021 0:22
好Q😍,0,0,14/02/2021 23:09
掃地很乖,0,0,14/02/2021 23:04
放手往後跑XDDDD,0,0,14/02/2021 22:10
為什麼？,,,
要摀住耳朵啊！！,,,
沒有燃料也可以放鞭炮,0,0,14/02/2021 20:47
🌚👍,1,0,14/02/2021 20:35
你在瓶子外面有檸檬汁,0,0,14/02/2021 19:23
我知道原理是什麼,0,0,14/02/2021 19:23
好酷😂,0,0,14/02/2021 18:56
教育有道🎵~,0,0,14/02/2021 17:33
如果不看屏幕我还以为是真的在家里放鞭炮呢！太像了吧！,1,0,14/02/2021 16:39
👍👍,0,0,14/02/2021 14:19
好可爱啊啊,0,0,14/02/2021 14:01
请问你又在TK吗？,0,0,14/02/2021 13:08
鞭炮是氣球氣球是鞭炮,0,0,14/02/2021 12:41
孩子是不是变成工具人了?,0,0,14/02/2021 11:58
新年快樂！,0,0,14/02/2021 11:24
哇哇 果然是好主意~~~,0,0,14/02/2021 10:58
新年快樂！,0,0,13/02/2021 23:51
聰明,0,0,13/02/2021 23:29
好可愛呦,0,0,13/02/2021 21:45
環保鞭炮rrr,0,0,13/02/2021 20:53
哈哈哈,1,0,13/02/2021 20:08
我屬牛,0,0,13/02/2021 19:43
原来是外甥，我以为是你儿子😂,0,0,13/02/2021 19:33
等一下，過年不是不能掃地嗎？,0,0,13/02/2021 19:04
弟弟好可愛,0,0,13/02/2021 18:48
新年快樂,0,0,13/02/2021 18:09
靠，我就说我家附近有鞭炮声却没烟。原来是你！,0,0,13/02/2021 18:06
这人有没有ig,0,0,13/02/2021 17:59
還以為是你的孩子,0,0,13/02/2021 17:32
新年快乐,0,0,13/02/2021 16:47
海龜恨你(x,0,0,13/02/2021 16:38
新年快樂*^O^*,0,0,13/02/2021 15:34
說好的環保呢？♻️,0,0,13/02/2021 15:16
創意,1,0,13/02/2021 15:09
祝大家新年快乐哦,0,0,13/02/2021 14:29
阿駿真可愛,0,0,13/02/2021 13:31
所以?是什麼做的😂😂,0,0,13/02/2021 13:24
厲害！,0,0,13/02/2021 11:41
新年快樂，最後的原理呢？想做,3,1,13/02/2021 10:32
有一個有創意力的舅舅，很棒，弟弟也超可愛的,0,2,13/02/2021 9:55
不產生空汙的最棒方式之一,0,0,13/02/2021 8:11
打掃這樣要到什麼時候,1,0,13/02/2021 7:58
這個超讚,0,0,13/02/2021 7:52
好可愛喔～,0,0,13/02/2021 1:39
阿駿也笑得太燦爛🤪,,,
阿駿越看越帥也,2,0,12/02/2021 23:13
新年快樂,,,
空氣壓力~,0,0,12/02/2021 23:10
下面感覺很大,0,0,12/02/2021 22:01
想知道怎麼做,0,0,12/02/2021 18:42
👇,,,
可以扫地抹,0,0,12/02/2021 18:13
0空汙鞭炮,0,0,12/02/2021 17:59
你本身是物理老師嗎，不然怎摸知道一堆物理,0,0,12/02/2021 17:39
知識,,,
好可愛❤,0,0,12/02/2021 17:17
這是抖音的吧,1,0,12/02/2021 15:49
我祝你們：身體健康、心想事成、萬事如意、生意興隆、財源廣進、龍馬精神、大吉大利、步步高升、新年快樂呀！👍👍👍😘😘😘,1,1,12/02/2021 10:42
新年快樂！,1,0,12/02/2021 9:44
我們真的有試，很好玩❤,,,
新年快樂呀,1,0,12/02/2021 5:10
好古錐～,0,0,12/02/2021 5:10
我記得你不是怕氣球破掉的聲音嗎？,1,1,12/02/2021 4:36
WOW免費鞭炮,0,0,12/02/2021 2:38
新年快樂 (ﾉ◕ヮ◕)ﾉ*.✧,15,0,12/02/2021 1:10
你就是一個孩子王呀🤣🤣🤣,,,
沒有煙的鞭炮 💥💥💥 哈哈,,,
新年快乐~感谢你为我们的生活增添了生活的乐趣😆😆,4,0,12/02/2021 0:47
新年快樂,1,0,11/02/2021 23:15
新年快樂~,1,0,11/02/2021 22:54
好療癒,,,
新年快樂~,4,0,11/02/2021 22:48
天哪你們兩個好可愛😂😂😂,,,
新年快樂（^▽^）,1,0,11/02/2021 22:31
好可愛,0,0,11/02/2021 22:28
可以換大一點氣球，再放點煙,0,0,11/02/2021 22:25
一切都是為了這位可愛的外甥嗎？值得耶,42,0,11/02/2021 22:21
新年快樂,,,
請問你在陸版的抖音有官方帳號嗎,1,1,11/02/2021 22:08
因為看到所以想確認一下,,,
祝大家新年快樂！好運連連！,10,4,11/02/2021 21:55
順便訂閱我👍🤣,,,
謝謝👍👍👍,,,
要拉著繩子跑那裡我笑了😂😂😂,0,0,11/02/2021 21:43
很懂事哦！新年快樂！,1,0,11/02/2021 21:34
這個有厲害到！有創意。👍,0,0,11/02/2021 21:34
好孩子,0,0,11/02/2021 21:20
Arh!~~~~不要扫地!!!会把财运扫走的~~~~,2,1,11/02/2021 21:05
祝各位新年快樂🎊,3,0,11/02/2021 21:05
❤,0,0,11/02/2021 20:54
氣球，瓶子，繩子(啪啪啪),0,0,11/02/2021 20:49
扁拋(鞭炮),,,
太可愛啦~~~想抱回家,0,0,11/02/2021 20:44
新年快樂！,28,1,11/02/2021 20:41
最後居然沒有喊原理哈哈,,,
新年快樂啊,1,0,11/02/2021 20:41
兩位都好可愛呀❤️❤️❤️❤️❤️,0,0,11/02/2021 20:36
小朋友的快樂 真簡單,0,0,11/02/2021 20:28
仿~扁~拋~,0,0,11/02/2021 20:15
是這樣嗎?,,,
還以為是你小孩🤣,2,0,11/02/2021 20:09
以為會用檸檬汁,0,0,11/02/2021 20:00
新年快樂~ヾ(*´∀｀*)ﾉ,3,0,11/02/2021 19:58
兩個人 兩倍的可愛(=´ᴥ`),,,
基因遺傳,23,0,11/02/2021 19:58
新年快樂,,,
痛みを知る,,,
外甥好乖XD,2,0,11/02/2021 19:55
恭喜發財,1,0,11/02/2021 19:54
小小科學家養成記,0,0,11/02/2021 19:32
外甥：啊...被舅舅發現我只是單純想逃跑...,235,0,11/02/2021 19:16
牛年蹦蹦蹦～(^^♪,2,0,11/02/2021 19:16
唉...,1,0,11/02/2021 18:57
新年安康 骏哥 🎊🎉,2,0,11/02/2021 18:56
這是啥原理啊？,0,0,11/02/2021 18:50
新年快樂哦！,1,0,11/02/2021 18:50
恭喜發財！,,,
新年快樂～,1,0,11/02/2021 18:41
兩個人都好可愛啊😍😍😍,234,0,11/02/2021 18:39
有點東西,0,0,11/02/2021 18:31
新年快樂,2,0,11/02/2021 18:25
好可爱呀,5,0,11/02/2021 18:20
外甥也太乖，知道自己玩得要自己掃😘,377,1,11/02/2021 18:13
會怕氣球爆的聲音就不太適合玩這個了🥲,,,
新年快樂🎉🎉🎉🎉,2,0,11/02/2021 18:10
下面好大包,15,2,11/02/2021 18:06
為什麼只有你外甥在掃阿🤣🤣🤣,345,1,11/02/2021 18:03
BTW 新年快樂,,,
新年快樂啊～～,2,0,11/02/2021 18:00
新年快樂,2,0,11/02/2021 17:59
新年快樂 好可愛❤️,16,0,11/02/2021 17:56
原來你們家有可愛基因,644,1,11/02/2021 17:55
可愛是遺傳的,,,
新年快樂,5,0,11/02/2021 17:52
☻☻☻,1,0,11/02/2021 17:52
新年快樂,3,0,11/02/2021 17:50
你外甥好棒,42,0,11/02/2021 17:45
新年快樂,3,0,11/02/2021 17:45
新年快樂,8,0,11/02/2021 17:45
1,2,0,11/02/2021 17:45
頭,2,0,11/02/2021 17:44
擠壓瓶身時，瓶内的空氣會順著吸管跑到紙卷裡，但紙卷的頭跟身體都被密封了，空氣只能從尾部噴出，並對紙卷本身產生一個向前的推力，這樣就能讓紙卷一飛沖天囉😁,113,4,09/02/2021 17:05
哈哈哈，我有戀愛的感覺🤣🤣🤣🤣🤣,0,0,19/02/2021 2:25
嗯,0,0,18/02/2021 0:17
我把吸管射出去了,0,0,14/02/2021 18:57
可愛,0,0,14/02/2021 0:37
拍了幾次才打中目標呢？😏,0,0,13/02/2021 23:36
訂閱升好快OWO,0,0,13/02/2021 14:51
厉害,1,0,13/02/2021 14:14
密閉容器中的流體壓強處處相等,0,0,12/02/2021 19:09
喔原來捲紙捲是要做實驗啊,0,0,11/02/2021 17:19
恭喜發財、新年快樂!!,0,0,11/02/2021 16:52
最后是不是有戳到GG啊😂,18,0,11/02/2021 12:47
实验这个实验你做的那个真好好啊，如果我要买的话要几块呢？,1,0,11/02/2021 11:17
阿姊,0,0,11/02/2021 11:16
你的DIY还不错哦。,0,0,11/02/2021 10:47
作用力。。说伯努利更优秀吧？,0,0,11/02/2021 9:59
有新年小特輯嗎,0,0,10/02/2021 12:22
真的超可愛的啦😂😂,0,0,10/02/2021 1:41
萌萌的～～,0,0,10/02/2021 0:10
微皺眉頭的樣子好可愛(｡･ω･｡),7,2,09/02/2021 22:19
這個發射的力道跟瓶子大小有關嗎？,,,
下面的LOVE在和誰告白呢ಠ◡ಠ,42,0,09/02/2021 21:59
感覺可以拿來....,5,0,09/02/2021 20:50
射擊啦！,,,
我觉得这人已经傻了,1,0,09/02/2021 19:45
做這幾次的實驗是喝有多少飲料才有那麼多寶特瓶-_-b,3,0,09/02/2021 19:02
好可愛啊啊啊~~,5,0,09/02/2021 18:09
好可爱AGAIN,9,0,09/02/2021 17:57
"那個～""LOVE""能當子彈打到目標嗎🤔",70,5,09/02/2021 17:11
訂閱升好快OWO,15,0,09/02/2021 17:06
當杯子落下時，杯子的重量會拉動棉線，這個拉力經由棉線提供重物一個向前的分力，使重物有足夠的動能繞著筷子打轉，就能保護杯子不摔破囉😁,295,11,05/02/2021 17:08
放手的那一瞬間，我尖叫了www,2,0,13/02/2021 7:20
最好不要找易碎物品來試👍,0,0,11/02/2021 23:15
阿骏很傻诶,0,0,10/02/2021 19:25
能量转换作为总结，一不是重点，二没解释清楚,0,0,10/02/2021 3:43
弱智,0,0,08/02/2021 16:17
为什么我转换的是我妈的能量...,2,0,08/02/2021 14:53
杯子掉下就是另一個故事了,0,0,08/02/2021 4:09
小哥哥好可愛呀～,0,0,08/02/2021 1:10
棉線綁重物綁杯子竹筷 杯子打破,0,0,08/02/2021 0:49
真的很不错，很有趣,0,0,07/02/2021 21:26
短 小知识 很适合当下主流，抖音贼适合 应该会火起来,,,
想看更多幕後花絮！！,0,0,07/02/2021 19:34
阿駿，我今天看到你在一中街 ?,0,0,07/02/2021 19:33
我玩到杯子的手把掉下來,0,0,07/02/2021 17:40
粉絲變好多喔!,0,0,07/02/2021 17:17
阿俊哥你的影片被盜了在大陸的抖音被盜用,0,0,07/02/2021 16:04
有看到的話加一下我的Line,,,
Looping pendulum🤣,0,0,07/02/2021 11:58
好可愛,0,0,07/02/2021 2:26
每一次說話完之後的微笑很好笑,2,0,07/02/2021 0:59
求大歌收小弟为徒～,1,0,07/02/2021 0:58
大哥好,1,0,07/02/2021 0:58
杯子摔破了又是另一個故事了🌚,3,0,06/02/2021 22:21
循環鐘擺~,0,0,06/02/2021 18:11
這一個沒用好就被你媽能量轉換了...,291,3,06/02/2021 14:12
當竹筷斷掉又是另一個故事了,0,0,06/02/2021 13:52
每次看你做實驗 都覺得好有趣,1,0,06/02/2021 11:58
當你摔壞被你媽打時,0,0,06/02/2021 11:26
才是真正的能量轉換,,,
成功了XD,1,0,06/02/2021 10:07
我在學校是用一個綁氣球的鐵片還有一個什麼來著的⋯⋯,1,0,06/02/2021 3:04
好可愛😜 看了好幾次,5,0,06/02/2021 0:03
Ng片段： 100小時......,4,0,05/02/2021 23:43
不要害小孩子在家被打🤣🤣🤣,0,0,05/02/2021 23:07
如果你失敗將會被媽媽打到靈魂轉換,83,1,05/02/2021 22:05
那些去做了然后打破的啊是不会换杯子哦没人说一定要玻璃杯啊🤣,3,0,05/02/2021 20:38
線太短或是高度不夠的話，應該會增加失敗機率,8,0,05/02/2021 19:57
如果物理課也都能這樣上的話 應該都能記住；；,24,2,05/02/2021 19:53
有病,0,3,05/02/2021 19:28
請問是老師嗎,0,0,05/02/2021 19:19
我用的是塑膠(-ι_- ),1,0,05/02/2021 19:18
好帥,1,0,05/02/2021 18:44
這是…《劍玉》教學🤔,2,0,05/02/2021 18:23
結果只是我想太多了～,,,
阿骏超可爱！,1,0,05/02/2021 18:11
我沒綁好，兩個都掉了...😗,44,1,05/02/2021 18:06
我成功了,3,0,05/02/2021 18:01
被媽媽吊起來打的部分,,,
你說說 你破了幾個杯子,2,0,05/02/2021 17:50
不知道為什麼，我有種想把繩子剪斷的衝動,2,0,05/02/2021 17:42
這很容易失敗欸,21,0,05/02/2021 17:21
太恐怖了0.0,3,0,05/02/2021 17:19
我剛剛打破一個杯子就成功了，被媽媽掛在上面打,420,5,05/02/2021 17:10
你打破幾個杯子才成功呢?😏,202,6,05/02/2021 17:08
"筋膜槍的""振動""會使毛刷上下跳動，但有些刷毛是傾斜的，所以刷毛作用於地面的彈力會讓毛刷移動，就像將筆從空中落下，若筆往前傾斜，筆就會往前跳😁",411,6,04/02/2021 20:18
但因為刷毛很雜亂，所以是往哪個方向移動或是旋轉，就不知道囉😅,,,
你笑的好可愛,0,0,11/04/2021 18:05
或許會有人做兩個來對戰,0,0,11/03/2021 19:00
太好笑,0,0,21/02/2021 0:45
跟我們加同一台喔欸哈哈,1,0,19/02/2021 18:30
腦裏出現一首歌😂,0,0,15/02/2021 16:47
不知道為什麼很魔性,0,0,14/02/2021 22:00
筋膜枪+ 震动 + 雞雞,0,0,14/02/2021 15:54
請問會如何呢？,,,
啊駿拍片看看,,,
這適合放頭文字D的音樂,0,0,13/02/2021 23:29
我也要來試試看😂,0,0,13/02/2021 2:52
牛*,0,0,13/02/2021 1:57
好好笑,0,0,12/02/2021 15:18
掃地機器人（,0,0,12/02/2021 4:32
是呆子,0,0,11/02/2021 19:21
這個www原來這就是掃地機械人的原理嗎,0,0,11/02/2021 12:11
太可愛了啦...,0,0,11/02/2021 10:46
好像湯瑪士小火車,0,0,11/02/2021 10:08
那不是潮吹槍嗎,0,0,11/02/2021 3:42
声音有点...,1,0,10/02/2021 23:24
你可以給他配個gasgasgas,0,0,10/02/2021 11:39
還會漂移,0,0,10/02/2021 3:28
如果把它綁在食指上………………………………：）,0,0,09/02/2021 22:28
震震震震動~~~~~~,0,0,09/02/2021 19:51
枕洞~,0,0,09/02/2021 14:02
男人的快樂就是那麼簡單...看他笑的多甜啊,6,0,09/02/2021 12:30
金抹枪？我以为是震动器,0,0,09/02/2021 0:05
这个对女人有用，没有加那个刷子的话,0,0,08/02/2021 22:04
🎩,0,0,08/02/2021 19:21
😁,,,
👕👍Great!,,,
👖,,,
這可以拿給貓咪玩,0,0,08/02/2021 15:49
後來我一直在家裡玩這個,2,0,08/02/2021 15:17
笑翻😂🤣😂🤣😂🤣,0,0,08/02/2021 14:55
这是我想看的，订阅了必须的，喜欢真太极拳的朋友请看我的“明哥聊太极”！,0,0,08/02/2021 10:49
看起來有頭文字D的fu,1,0,08/02/2021 10:31
跟遠哲的蹦蹦車原理是一樣的嗎？,0,0,08/02/2021 10:15
哈哈 好廢,0,0,08/02/2021 10:07
把手指靠在那顆球上可以讓你的手指變成按摩棒呦(ㄟ,0,0,08/02/2021 9:44
可惡...想玩...,0,0,08/02/2021 9:35
腦中響起Deja vu。。。。。,0,0,08/02/2021 8:58
這個有點可愛又好笑，放下去那瞬間，直接笑出來😂😂,0,0,08/02/2021 5:43
可不可以好好说话了呀？,0,0,08/02/2021 3:35
筋膜枪＋手指＝啊～,0,0,07/02/2021 22:53
哎呀！太強了！你的抖音我也有看,1,0,07/02/2021 22:37
這讓我想起了湯瑪士小火車🌚,5,0,07/02/2021 22:14
我可以不用嘻嘻😘,0,0,07/02/2021 21:48
好尴尬 尴尬癌要犯了 这是给幼儿园学生看的吗,0,1,07/02/2021 20:57
好煩喔 閉嘴,0,0,07/02/2021 20:10
可愛,0,0,07/02/2021 20:08
掃地機器人客家版,0,0,07/02/2021 19:05
用一个，太慢了,0,0,07/02/2021 15:42
我用20个😎😎😎,,,
煞笔,0,0,07/02/2021 15:15
猫和老鼠里那个机器猫,0,0,07/02/2021 12:56
好好笑,0,0,07/02/2021 12:17
哈哈哈哈哈哈哈😂,0,0,07/02/2021 10:20
麥克風🎤,0,0,07/02/2021 5:23
可愛ㄟ,0,0,07/02/2021 2:49
手握住又是另外一個故事了,0,0,07/02/2021 1:48
有屁用？,0,0,07/02/2021 0:55
笑死震動,0,0,06/02/2021 22:53
震～動～,0,0,06/02/2021 21:54
客家掃地機器人,1,0,06/02/2021 18:44
有人拿筋膜枪打鸡蛋，做蛋糕,1,0,06/02/2021 17:51
我也是有这个,0,0,06/02/2021 15:45
筋膜槍😂😂😂,1,0,06/02/2021 14:40
低級版自動掃地機械人嗎🤣🤣,0,0,06/02/2021 13:57
女生爱用的东西,0,0,06/02/2021 13:48
我以為要漲奇怪的姿勢了,1,0,06/02/2021 12:37
我在想，嗯?用刷子，不會很刺嗎,,,
哦酷哦你看 從要看喔塗海苔惡仔阿姨可以拿走他在體奴開啟腹肌腱鞘，炎我也要求賠償的士林夜市美食節奏效力挺進入住宿舍利塔羅占卜的士林夜市美食節奏效力挺好的開始時候選人的確定額外界面對方向盤,0,0,06/02/2021 10:58
我有一個大膽的想法,0,0,06/02/2021 10:56
為什麼我只覺得 阿駿很可愛哈哈哈😂,0,0,06/02/2021 10:15
湯瑪士小火車亂跳,0,0,06/02/2021 9:06
笑死我了🤣🤣🤣🤣🤣,1,0,06/02/2021 8:19
這個我在學校是用一個馬達前面加竹筷,0,0,06/02/2021 3:05
湯馬士小火車！！！,0,0,06/02/2021 0:24
U質youtuber,4,0,05/02/2021 23:54
現在每天除了期待天竺鼠車車出新集數還有就是等阿駿更新,,,
沒想過耶！,0,0,05/02/2021 23:45
筋膜槍那句話好多痰的感覺XDDD,2,0,05/02/2021 23:39
太喜歡你的每一支實驗和所有影片了😍我都跟我女兒一起看一起研究一起做做看哦⋯⋯雖然沒你做的這麼厲害，可是是給上幼稚園的我女兒一個非常好又開心的教育哦😄喜歡😘,3,0,05/02/2021 23:37
筋膜槍 ， 矽膠玩具，組合，玩起來！,0,0,05/02/2021 22:23
筋摩槍？伸出手來把筋摩槍開到最強，按在手上，你會得到一個超強的「按摩棒」,0,0,05/02/2021 20:44
我一定會不會買這一牌的掃地機器人。,0,0,05/02/2021 20:24
拿來逗貓應該不錯👍🏻,4,0,05/02/2021 19:15
這是⋯⋯一台甩尾車吧,3,0,05/02/2021 18:48
這能夠乾淨我也是認了 😂😂,0,0,05/02/2021 18:30
感覺像是在甩尾,0,0,05/02/2021 17:34
我有一些奇怪的想法,1,0,05/02/2021 17:23
Gas Gas Gas,0,0,05/02/2021 17:17
正確用法： 應該是震動手臂再帶動手指震動😏,0,0,05/02/2021 16:41
我覺得有點像湯瑪士小火車,0,0,05/02/2021 16:15
你確定那個不是自我防衛棒？,4,1,05/02/2021 15:02
Nani！筋摩枪自带电音变身器！,0,0,05/02/2021 13:54
哈哈哈這到底是什麼鬼😂ㄏㄚ還跑的這麼魔性😂,9,0,05/02/2021 13:05
你真的很可愛 我每次都沒有在看什麼原理 只喜歡看你可愛的樣子www,15,1,05/02/2021 12:41
dajavu,0,0,05/02/2021 12:16
😆不規則像布朗運動~,0,0,05/02/2021 11:59
刷得乾淨嗎哈哈哈,0,0,05/02/2021 7:38
超可以的😂,0,0,05/02/2021 4:24
筋膜槍+阿峻=auto tune,1,0,05/02/2021 2:33
當老婆看見你浪費10000元在一架不會正常走動的「車」時，你知道將會發生什麼事了,13,0,05/02/2021 2:07
還會做新的實驗嗎，影片重複性好像有點高,2,0,05/02/2021 1:52
小時候用馬達上面插一個橡膠球旋轉震動！一模一樣,0,0,05/02/2021 1:26
筋膜槍可以手指打蛋,1,1,05/02/2021 1:08
大番薯,0,0,05/02/2021 0:48
有點愛上這個人了,0,1,05/02/2021 0:35
是正常的嗎.,,,
各種詭異角度飄移，不知道刷不刷的乾淨😆,0,0,05/02/2021 0:34
看起來又是小孩的新玩具了呢！,0,0,05/02/2021 0:14
做成超大蜘蛛嚇人🤣🤣,4,0,05/02/2021 0:03
我倒是在另一個影片，有一個外國人不是用刷毛，而是放在手上……………………………………………………,1,1,04/02/2021 23:51
超可愛～😍,2,0,04/02/2021 23:48
彈跳的刷子有點ㄎㄧㄤXD,7,0,04/02/2021 23:44
一個藤原拓海,0,0,04/02/2021 23:42
幾乎每天更新不怕之後沒東西拍嗎？,1,1,04/02/2021 23:41
https://www.youtube.com/watch?v=nn-G07H3Kh0,1,0,04/02/2021 23:25
哈哈哈這絕對刷不乾淨 刷個心裡安慰吧,0,0,04/02/2021 22:53
0.06真的聽的好想打人,0,0,04/02/2021 22:35
這是貓玩具!!,1,0,04/02/2021 22:18
真的太可愛了😂,0,0,04/02/2021 22:14
疫情期間怎麼沒戴口罩咧,0,1,04/02/2021 22:03
另類掃地機器人（？,0,0,04/02/2021 21:42
如果只是振動走過而已，那很高機率灰塵依舊在原地,2,0,04/02/2021 21:28
最好聽的就是那句 刷起來 XDDDDD (抓錯重點),241,0,04/02/2021 21:09
看到震動快的筋膜槍，我有個大膽的想法…,20,7,04/02/2021 20:56
拿來按摩如何,,,
結尾聲音的震動很可以😯,197,0,04/02/2021 20:43
感覺不夠大力刷不掉把😂,103,12,04/02/2021 20:37
但是可以在刷浴室之前把它拿來起泡泡www,,,
好貴的玩具車 XD,67,0,04/02/2021 20:32
超可爱！,8,0,04/02/2021 20:24
真的好喜歡看你做實驗時那開心又可愛的樣子😍,442,8,04/02/2021 20:21
刷的乾淨嗎🤭😅😅😅,7,0,04/02/2021 20:20
效果真的好嘛😂😂😂,4,1,04/02/2021 20:19
地球外圍有一大圈被地心引力吸住的空氣，這些空氣壓在地表上的重量，就是大氣壓力😎,323,8,02/02/2021 17:21
"瓶蓋鎖緊時，瓶身上的小孔洞被""表面張力""與""大氣壓力""擋住，水流不出來，當瓶蓋打開時，水與空氣一起向下壓，水就被壓出來囉😁",,,
👍🏻👍🏻👍🏻💙,0,0,13/04/2021 9:17
我把身體刺幾個洞，打開嘴巴，工作的壓力都沒有了,0,0,27/02/2021 11:12
喝水 死定～～～,0,0,22/02/2021 22:29
這誰都喝不到吧.......,0,0,19/02/2021 19:45
可以在可樂常這樣弄玩朋友,0,0,18/02/2021 22:36
還真的可以，我以為是我可能的是,1,0,18/02/2021 11:25
是不敢喝啦！但你怎麼喝？😂😂😂,0,0,16/02/2021 23:53
可以拿來整人😂,0,0,15/02/2021 22:43
你自己喝的時候也不就流出來了,0,0,14/02/2021 19:04
有排清潔,0,0,13/02/2021 22:02
同時你也不能喝,0,0,12/02/2021 17:17
"你为了整""他""牺牲了饮料😂🤣😂🤣",2,0,12/02/2021 16:05
不會被偷喝了👍,0,0,12/02/2021 15:21
不過自己也沒辦法喝了😭,,,
那你怎麼喝？😂,0,0,10/02/2021 18:04
他已经穿好外套做准备了😂,0,0,10/02/2021 12:55
太帥了～～直接戀愛,0,0,10/02/2021 2:36
那自己怎麼喝( ･᷄ὢ･᷅ ),0,0,09/02/2021 18:38
打七鴨梨,0,0,09/02/2021 18:16
我觉得这是整人用的吧😂😂,0,0,09/02/2021 12:52
可以去整同學了改天他們買飲料放著我就去戳洞,1,0,09/02/2021 12:40
我只看到我媽在我背後給我的壓力要我好好拖地,0,0,09/02/2021 0:27
你要怎麼喝飲料？,0,0,08/02/2021 23:00
別以為我不知道你偷偷穿上外套唷...,0,0,08/02/2021 21:11
不是 這樣自己也沒辦法喝吧,0,0,08/02/2021 19:42
但這樣自己要喝的時候怎麼辦？,0,0,08/02/2021 10:13
等等，你好像也不能喝了,0,0,08/02/2021 5:19
那你要怎麼喝..？,0,0,07/02/2021 22:55
那你咋喝？,0,0,07/02/2021 19:32
那你怎么喝水😂😂,1,0,07/02/2021 12:34
不笑了嗎,0,0,07/02/2021 2:08
真的不太懂有什麼好看的,0,1,06/02/2021 23:08
我知道那是特色，但實在不喜歡最後用唱的....,0,1,06/02/2021 19:20
擦桌子的表情和語氣好委屈的感覺ww,1,0,06/02/2021 17:31
？,0,0,06/02/2021 12:41
擦完之後...咦？怎麼還有🤣,1,0,06/02/2021 9:06
你可能有禿頭的嫌疑,0,0,06/02/2021 1:21
幹嘛呢呢呢呢呢？呢。不。，。你。不不會員大會中秋節不要摸我 胸部,0,0,05/02/2021 23:44
結果隔天你睡一覺後就忘記那個寶特瓶有戳洞,23,0,05/02/2021 20:54
真的假的 我都是用飲料罐裝巴拉刈誰偷喝誰死,0,0,05/02/2021 20:08
那自己怎麼喝🤣,0,0,05/02/2021 20:04
🤣🤣,0,0,05/02/2021 20:04
笑起來真是夠帥的,0,0,05/02/2021 19:39
很喜欢看，又有趣又能学新知识,0,0,05/02/2021 15:54
不過自己要喝的時候也會噴吧,0,0,05/02/2021 15:21
87,0,0,05/02/2021 10:27
笑臉很帥欸,0,0,05/02/2021 9:15
那自己喝的时候（？,0,0,05/02/2021 7:50
好可愛,1,0,05/02/2021 4:01
yeah说对了！和视频一起说的大气压力！,5,0,05/02/2021 0:06
直接訂閱了,3,0,04/02/2021 23:40
舒味X氣泡水～,0,0,04/02/2021 21:43
有氣壓力還是比較高 會漏啊,,,
你倒是关起来再擦啊！,1,0,04/02/2021 20:32
为什么我屏蔽了还能刷这无聊的短视频！？有毒吧,0,3,04/02/2021 18:13
..........,0,0,04/02/2021 16:12
這樣你咋喝飲料,0,0,04/02/2021 13:16
Wow buruk betul macam tahi2 ja 👍,0,0,04/02/2021 12:39
結果自己忘記就好笑了,18,0,04/02/2021 12:39
醜樣,0,0,04/02/2021 12:32
等等，這樣我不是也喝不了嗎？,1,0,04/02/2021 12:30
會想讓人看知識性內容的影片前提都是要長得帥,0,0,04/02/2021 11:42
那這樣你怎麼喝飲料？,0,0,04/02/2021 10:54
(´ຶ∀ຶ)(´ຶ∀ຶ)(´ຶ∀ຶ)(´ຶ∀ຶ),,,
這影片是重新上傳嗎？,2,0,04/02/2021 10:42
（順道一提這頻道很有女生在看？,,,
如果你忘記了自己弄了洞到時候你喝的時候不就...,0,0,04/02/2021 10:07
那么问题来了，你要怎么喝🌚,1,2,04/02/2021 8:37
比爛還要更爛，爛死了,0,0,04/02/2021 5:59
五個人一起喝🌝,0,0,04/02/2021 2:27
🌐排名,0,0,04/02/2021 0:46
無聊死了，我要退訂！！！😠,0,0,03/02/2021 22:11
哈哈哈這樣自己也不能喝水了,0,0,03/02/2021 18:32
看誰還敢偷喝！,0,0,03/02/2021 16:48
防水外套,0,0,03/02/2021 15:05
有男友了吗,1,3,03/02/2021 6:56
阿骏超可爱,0,0,03/02/2021 2:00
有點白癡ㄝ😂😂😂,0,1,03/02/2021 1:28
能說說你是不是模仿抖音上的那個嗎 ，我見你的風格和他的差不多，說的口頭禪也一樣,1,4,02/02/2021 23:08
剪頭髮了！！ 帥唷,0,0,02/02/2021 21:39
那穿外套是防水潑身嗎🤣,6,0,02/02/2021 20:30
別人偷喝前,84,18,02/02/2021 19:53
它大概也漏光了……,,,
茶飲類的也可以這樣嗎？,3,1,02/02/2021 19:31
他在你的桌子喝，到最後還是要自己清啊QQ,0,1,02/02/2021 18:58
好帥 戀愛了,2,4,02/02/2021 18:43
被治癒了 大氣壓力還在 工作壓力就飛走了,161,1,02/02/2021 17:50
一次喝完 這樣誰也別想偷喝,40,1,02/02/2021 17:48
乁[ᓀ˵▾˵ᓂ]ㄏ 哈哈,,,
我只看到 一直留 一直漏,210,1,02/02/2021 17:43
老媽： 別玩水了！！,,,
這樣你自己也不能喝啊www,3,1,02/02/2021 17:35
一邊流，一邊抹🤣🤣,325,7,02/02/2021 17:26
收看次數：0 次,1,0,02/02/2021 17:22
1,2,0,02/02/2021 17:21
但別人只要拿個被子就能喝了啊，只不過要擦個桌子,9,2,02/02/2021 17:21
你有沒有飲料被偷喝的經驗呢?😅,111,7,02/02/2021 17:21
衛生紙裡有很多纖維，纖維跟纖維中間的縫隙，就如同細細的管子，當水想附著到管子上的力量>水與水之間聚在一起到力量時，水就會一直往上爬囉😁,149,3,01/02/2021 18:22
國小教過😂,0,0,11/04/2021 1:06
結論,0,0,05/03/2021 21:17
老媽獲勝,,,
我還以為會有層析,0,0,19/02/2021 12:02
是因為衛生紙吸水力強的關係所以沒有嗎,,,
好有趣,0,0,16/02/2021 18:07
綠色贏~,0,0,16/02/2021 1:23
不，喜，欢， 一，个，字，一，个，字，念,0,0,10/02/2021 23:39
有没有啥terminology是台湾大陆没用翻译一样的,0,0,09/02/2021 23:15
媽媽看到後：你知道衛生紙很貴嗎？,0,0,09/02/2021 22:13
不是虹吸嗎？,0,0,08/02/2021 22:38
每次听你说话都好有趣,2,0,08/02/2021 13:33
上升速度不一樣是因為不同顏色重量不同哦,0,0,08/02/2021 2:23
那是纸巾吧😂😂,0,0,07/02/2021 22:18
衛生紙,15,2,07/02/2021 21:17
好看的影片,,,
強壯的右手,,,
生理作用~~,,,
衛生紙 耳機 滑鼠 無痕分頁～夜深人靜🎵,0,1,07/02/2021 19:20
你長的好像某個人,0,0,07/02/2021 18:57
還以為是層析,0,0,06/02/2021 22:18
感觉他心情今天不太好,0,0,06/02/2021 18:51
煤气罐！火把！放一起！大爆炸～,7,0,06/02/2021 16:45
這個用層析來說明會精確一點,7,0,06/02/2021 13:39
毛細太廣了,,,
阿嬤最討厭人家玩衛生紙,0,0,06/02/2021 10:26
沒讓他跑到底,0,0,04/02/2021 16:33
Jm9😨,0,0,04/02/2021 8:57
这全名是毛细管现象,0,0,04/02/2021 0:38
右手背怎麼了🤔🤔🤔,0,0,03/02/2021 22:17
"英文名是chromatography, 科学家拿拿他来分类液体的材质",1,0,03/02/2021 22:12
我已经三天没被妈妈打了,0,0,03/02/2021 20:02
我：,,,
這是層析吧,0,0,03/02/2021 19:37
手手受傷了(;´༎ຶД༎ຶ`),0,0,03/02/2021 16:49
有點無聊，但還好,0,0,03/02/2021 16:34
為什麼這次沒有拉長音,0,0,03/02/2021 13:42
只有我把標題看成'''傳說對決'''嗎?,3,0,03/02/2021 8:09
怎麼可能那麼可愛啦 阿駿 抱🥰,1,0,02/02/2021 22:25
很有趣，而且拍攝手法有進步,12,0,02/02/2021 19:46
好抖哈哈 挺不錯可以自娛的遊戲,0,0,02/02/2021 6:48
綠色先到~,6,0,02/02/2021 2:49
毛西做擁！,0,0,01/02/2021 23:17
有點像色層分析ㄟ,1,2,01/02/2021 22:15
我還以為你要講平板層析w,7,0,01/02/2021 21:32
色層分析,1,0,01/02/2021 21:03
毛細作用重複了，聖誕樹結晶那篇已用了🤐,0,0,01/02/2021 20:16
這可能剛睡飽的阿駿,81,2,01/02/2021 19:15
植物的木質部和毛細作用有關，那木質部運送水分是不是也只上不下......,2,5,01/02/2021 19:01
可是韌皮部（運送養分）上下都可以運送，想請教一下，這是怎麼辦到的？,,,
超可爱😂,1,1,01/02/2021 18:57
最後碎衛生紙怎麼清理啊？,0,0,01/02/2021 18:49
yeah我第一個,1,0,01/02/2021 18:22
你有猜到誰是冠軍嗎😏,50,5,01/02/2021 18:22
憨兒,0,0,14/02/2021 22:27
表面張力,0,0,11/02/2021 16:50
猜一觀賞魚～～銀水針,0,0,09/02/2021 14:06
智障,0,0,07/02/2021 22:42
你快想不出梗了,0,0,06/02/2021 12:04
呆呆地,0,0,05/02/2021 15:17
無聊,0,0,04/02/2021 16:09
指南針,0,0,04/02/2021 14:59
他的聲音好洗腦,0,0,04/02/2021 11:00
誰不會😶,0,1,04/02/2021 7:45
可唔可以講野唔好咁低音( 原理嗰個名),0,1,03/02/2021 17:08
表妹張莉,0,0,02/02/2021 20:13
你看起來好像你是我的老大。,1,0,01/02/2021 22:31
笑死幹,0,0,31/01/2021 13:58
好可愛,2,0,31/01/2021 2:35
每次看你就會想笑😂😂,27,0,30/01/2021 18:13
很有魔力的表現手法 真希望我小時候有你這樣的老師 😄👍,21,0,30/01/2021 14:03
表面張力～～～,2,0,30/01/2021 0:09
谢谢老师！！！！,1,0,29/01/2021 21:48
這個人連話都懶得說😂,8,0,29/01/2021 20:16
表面張力,3,0,29/01/2021 20:10
如果學校老師只用這12秒就教會我們一個科學原理該有多好~,190,14,29/01/2021 19:40
那麼多青春都不用浪費掉了,,,
歐耶更新啦,1,0,29/01/2021 18:02
表麵漲哩～,65,0,29/01/2021 17:38
表面張力,9,0,29/01/2021 17:37
第二,1,0,29/01/2021 17:28
嘟嘟嘟,0,0,29/01/2021 16:55
有人跟我一樣很怕氣球爆炸的聲音嗎😱,540,38,28/01/2021 17:20
納豆,0,0,12/03/2021 18:56
名為少女的驚嚇🥰🥰,0,0,04/03/2021 20:17
叫得像個猛男,0,0,19/02/2021 7:16
不行啦，結尾太可愛了。,1,0,16/02/2021 12:29
靈夢污,0,0,14/02/2021 16:32
我只知道柚子皮讓嘴巴很麻...,0,0,13/02/2021 23:07
哈哈哈真可爱,0,0,12/02/2021 23:45
好可愛,1,0,12/02/2021 23:16
一直拉開哈哈,0,0,12/02/2021 17:02
檸檬......woo,0,0,11/02/2021 16:58
攝影的人會要憋不住笑了,7,0,11/02/2021 4:13
sohai,0,0,11/02/2021 1:21
🤣🤣🤣🤣🤣🤣🤣🤣🤣,0,0,08/02/2021 22:13
好可愛w,1,0,08/02/2021 12:12
这人是不是傻了呀,0,0,07/02/2021 23:21
IKEA的時鐘,0,0,07/02/2021 22:05
婊子叫😂,0,0,07/02/2021 4:55
折起來就有了！不用擠,0,0,06/02/2021 13:59
第一個用保麗龍膠玩過哈哈,2,0,05/02/2021 13:32
這頻道是為教育理化而生的教育頻道嗎？,1,0,04/02/2021 1:58
Tell me why~~,0,0,03/02/2021 16:04
養樂多瓶、吸管叉好、戳點小洞毒品丟上面,4,2,03/02/2021 2:58
開始吸麻～,,,
什麼意思？,0,0,03/02/2021 1:32
那個膜可以幹嘛?,0,0,02/02/2021 18:02
所以拉開要幹嘛😂,1,0,02/02/2021 1:25
保麗龍膠也可以那樣,1,0,01/02/2021 20:46
？？？,0,0,01/02/2021 17:57
壓手掌,49,1,29/01/2021 21:27
一直拉開,,,
.....龍鬚糖,,,
影片做的很棒沒錯,0,1,29/01/2021 16:12
但是小朋友們都不知道完整的原理,,,
只有講一個大標題 像折射 檸檬烯,,,
這樣子小朋友只是覺得好玩,,,
沒有實質的學習,,,
檸檬 嗚～,0,0,29/01/2021 13:54
Wooooo,11,0,29/01/2021 13:52
很抱歉，我笑了,,,
为什么我感觉看过了（ ’ - ’ * )是我的错觉？但好像真的在某个地方看到同样的影片，连人都一样，这是重发？,2,2,29/01/2021 12:14
嚇到的時候也太可愛了吧,28,0,29/01/2021 7:14
我以為那是紅蘿蔔,0,0,29/01/2021 0:50
....???????,0,0,29/01/2021 0:17
直接講重點，我喜歡,0,0,29/01/2021 0:05
我有種魔鞋jojo會分享的感覺,11,0,28/01/2021 23:27
橘子也可以,0,0,28/01/2021 23:02
10年後會爆紅,1,2,28/01/2021 21:26
檸檬烯~（擠,432,4,28/01/2021 21:20
（怎麼沒破ಠ_ಠ）,,,
檸檬（擠,,,
（氣球破掉）,,,
Wooooooo（少女手勢,,,
抱歉我才不做🌚👍,1,7,28/01/2021 20:27
而且要吃柚子我等中秋節就好了🌝💦,,,
😂用自己的恐懼挑戰科學的男人,145,0,28/01/2021 19:50
但我失禮的大聲笑出來了！,,,
好玩！,0,0,28/01/2021 19:34
哈哈哈哈哈哈,0,0,28/01/2021 19:29
这里是官方频道吗？？？,3,5,28/01/2021 18:56
唔哦！（一起被嚇到,0,0,28/01/2021 18:36
為什麼yt最近都推薦我一些神秘影片,0,0,28/01/2021 18:35
嚇到的時候好可愛,96,0,28/01/2021 18:09
嚇到也太可愛🤣🤣🤣,5,0,28/01/2021 18:05
我小时候中秋节时会用柚子皮当灯笼。不过没提几分钟就放一边了。哪知现在我国家的中秋就已大不如前。这可能是因为那时不懂柠檬烯的关系,6,0,28/01/2021 17:51
最後😂,0,0,28/01/2021 17:47
被嚇到的表情太經典了 很可以🤣🤣🤣,301,1,28/01/2021 17:42
只要是柑橘類都可以嗎？ 還是一定要有柚子皮？,11,2,28/01/2021 17:38
蜘蛛人進化論,0,0,28/01/2021 17:33
有看了上一次的影片就照做,170,9,26/01/2021 17:31
弄得滿身濕的朋友嗎🤣,,,
不跟你搞基不行了😂,0,0,06/04/2021 22:25
我是第一次聽到阿駿講這麼多話🤣,0,0,04/04/2021 19:16
拜託不要那麼可愛,0,0,26/03/2021 11:21
學廢辽~,0,0,23/03/2021 7:53
1：03我表示我学废了。,0,1,13/03/2021 18:27
學廢了,0,0,08/03/2021 21:13
我靠我終於知道了，上一次我傻傻的試了n次用掉的鹽得有一斤,0,0,27/02/2021 8:03
只有我觉得他其实不帅，但是笑起来时，心里就莫名暖暖的，头脑会发热，嘴角无端端会上扬吗？,0,0,24/02/2021 19:47
我學廢了,0,0,11/02/2021 10:17
幹,2,1,09/02/2021 18:58
害我上次用了半包鹽都沒成功(我說真的),,,
我学废了,0,1,07/02/2021 10:15
内容是好的 可是为什么要“奇怪的笑”😑,1,2,05/02/2021 10:16
😨😰😱🤯,0,0,04/02/2021 21:52
這也太帥了吧…,0,0,29/01/2021 17:33
我很怕水滴出來...,0,0,28/01/2021 20:28
然後你手歪掉直接滴到你衣服,,,
害你一大堆衣服都要洗,,,
洗到三更半夜也還沒洗完😂😂,,,
加鹽以增加浮力🤣🤣🤣,1,0,28/01/2021 18:58
為何看你笑也會想笑🤣,1,0,27/01/2021 22:43
在幫你拍的484女友💔,0,0,27/01/2021 21:03
但是其實有時候你在把水倒出來的時候，不用膠帶，水也不會流出來，但倒水的時候瓶子要很正,1,0,27/01/2021 11:47
加砂糖嗎 wwwww,3,0,27/01/2021 1:15
原來是膠帶鴨 (娜魯吼斗) XDDD,,,
到底做這個實驗有多開心啦🤣🤣🤣,0,0,26/01/2021 23:42
原來阿厲害欸,0,0,26/01/2021 22:36
猴偲囡仔🤣🤣🤣,0,0,26/01/2021 22:08
為什麼老是笑場啦...但我喜歡💕超可愛的啦,17,0,26/01/2021 20:39
我没做，因为我原本知道怎么做了，厉害吧,0,0,26/01/2021 19:58
原來是有膠帶幫忙！,0,0,26/01/2021 19:35
是不是不喜歡喝白開水～😏,,,
哈囉,0,0,26/01/2021 19:28
好多人看你影片看到濕了，真是有魅力,77,2,26/01/2021 19:09
我被你的笑传染了 🤣🤣,7,0,26/01/2021 18:51
沒想到啊😂😂,14,0,26/01/2021 18:41
笑得又皮又可愛🤣🤣,,,
這個笑容跟笑聲，我喜歡😍,57,0,26/01/2021 18:36
幸好上次沒有做（逃過一劫😂）,,,
我的桌子巨濕：0,0,0,26/01/2021 18:05
有看過w,1,0,26/01/2021 17:46
但那個似乎是用紗布,,,
笑的時候太可愛了吧😂😂😂,158,2,26/01/2021 17:40
喜歡鹹的就加點食鹽,77,8,26/01/2021 17:35
喜歡甜的就加點砂糖,,,
那.....,,,
喜歡你呢？,,,
喔！原來是這樣！！！,7,0,26/01/2021 17:32
hi,1,0,26/01/2021 17:31
偶學廢了,0,0,26/01/2021 17:31
覺得智商被侮辱的朋友們先等等！,604,69,25/01/2021 17:51
你知道人在向前走的時候，摩擦力是向前還是向後呢？😏,,,
我做的比你少年,0,0,13/04/2021 19:26
没有什么,0,0,07/04/2021 20:59
我學了9年,0,0,04/04/2021 7:09
你31歲?1歲不可能會走路,0,0,29/03/2021 12:55
😂,0,0,27/03/2021 14:09
十二歲,0,0,23/03/2021 23:37
75,0,0,16/03/2021 0:07
我觉得我的智商受到了极大的侮辱,1,0,13/03/2021 23:21
這是業配摩擦力超強的鞋子嗎,0,0,04/03/2021 21:10
30幾歲了吧 0歲不會走路吧,0,0,16/02/2021 20:06
7414,0,0,14/02/2021 20:09
原來阿俊從0歲就會走路了,1,0,14/02/2021 16:53
什麼啊,0,0,13/02/2021 12:12
李恩赫帶你做實驗,0,0,13/02/2021 5:47
我才11年XD,1,0,13/02/2021 0:57
還沒看你影片前我都不會走路耶！,1,0,12/02/2021 15:46
太謝謝你了,,,
這走路誰不會啊! 廢話,0,0,12/02/2021 15:22
31歲了,0,0,12/02/2021 8:27
跟我同款鞋,1,0,12/02/2021 2:59
還以為要講的是牛三,0,0,12/02/2021 2:13
原來是摩擦力🤣,,,
我也有那雙鞋欸(是不是只有我搞錯重點😶,1,0,11/02/2021 21:43
謝謝您教會我如何正確走路,0,0,11/02/2021 20:47
！！！！！ 30,1,0,11/02/2021 13:31
你想被查水錶？？,0,0,11/02/2021 12:25
31歲無誤,0,0,10/02/2021 20:37
直接笑喷,0,0,10/02/2021 2:04
傷害不高，侮辱性極強,0,0,10/02/2021 1:01
😂😂😂,0,0,09/02/2021 20:11
住手,0,0,09/02/2021 7:45
请问你今年几岁？,0,0,09/02/2021 5:58
完全看不出 30（？！,1,0,08/02/2021 8:37
我以為是鬼步教學😂😂,2,0,06/02/2021 14:48
有點可愛,1,0,04/02/2021 17:12
好像张雨剑啊🤣,0,0,04/02/2021 13:08
不知所谓,0,0,04/02/2021 7:17
虾毁,0,0,02/02/2021 23:14
你是傻子嗎是人都會,0,0,02/02/2021 23:12
30岁还这么风趣可爱，哈哈哈哈,2,0,02/02/2021 13:13
How to walk:,0,0,01/02/2021 16:28
u質,0,0,01/02/2021 15:10
「在這光滑的地上磨擦」,0,0,31/01/2021 23:04
這種是向..？,,,
桌子沒有摩擦力,0,0,31/01/2021 19:20
這個30年肯定是假的吧,0,0,31/01/2021 14:10
是啥東東啊？,0,0,30/01/2021 14:33
我以為要跳舞,0,0,30/01/2021 11:33
我终于学会走路了xD,0,0,30/01/2021 1:05
我才做了11年捏,0,0,29/01/2021 20:43
@安大,0,0,29/01/2021 19:24
Sohai,0,0,29/01/2021 19:00
我以為你才20😹,1,0,29/01/2021 2:14
什麼意思？,1,0,28/01/2021 23:10
桌子腳上裝了🚴,0,0,28/01/2021 19:56
還有我覺得一點也不像30歲呢！,0,0,28/01/2021 9:52
我剛剛以為你想教鬼步舞呢,0,0,28/01/2021 9:50
11,0,0,27/01/2021 0:45
我已經做這個 10年了,0,0,26/01/2021 22:44
你剛出生就會走路？！,1,1,26/01/2021 19:04
竟然30了（重點誤,35,0,26/01/2021 15:33
期待可以開直播做實驗,,,
目前做了10年,0,0,26/01/2021 12:36
大叔妳好,0,0,25/01/2021 23:18
還以為你要跳墨爾本鬼步了😆😆,3,0,25/01/2021 22:51
真正的108課綱素養題 天天用 但你不一定懂,0,0,25/01/2021 22:30
30歲？怎麼看都是大學生呀！阿駿也太會保養了吧？可以出一集教大家如何保養嗎？,97,0,25/01/2021 22:21
阿俊屬馬喔！？,2,0,25/01/2021 22:01
？,0,0,25/01/2021 19:57
30？！！！,2,0,25/01/2021 19:45
原來阿駿年紀比我大！（我還以為跟我差不多的說）,4,0,25/01/2021 19:25
向前走路時，腳是向後蹬，所以摩擦力是向前喔！,,,
目前做了16年 希望未來各位可以繼續這個實驗80 90年,38,0,25/01/2021 18:32
什麼！！？你已經30歲了嗎？(本日最震驚,317,8,25/01/2021 18:26
我以為你是可愛弟弟，原來是oppa🤣,,,
我以為你要月球漫步起來了!!!!!!!!!,280,5,25/01/2021 18:15
30歲看不出來欸,18,0,25/01/2021 18:15
果真30年？,11,0,25/01/2021 17:57
看起来好废，但却藏着科学知识 ：）,20,0,25/01/2021 17:55
還以為要月球漫步了,11,0,25/01/2021 17:53
向後吧，要不然沒辦法前進？,0,0,25/01/2021 17:52
第一,0,0,25/01/2021 17:52
我沒成功😂,0,0,14/04/2021 15:49
所以這是真的嗎,0,0,28/03/2021 18:55
又帥又可愛～,0,0,23/03/2021 21:00
我做不出来呀😭😭,0,0,15/03/2021 20:36
好自恋,0,0,28/02/2021 21:55
是假的文浪费过年了,0,0,27/02/2021 22:16
很活潑,0,0,25/02/2021 20:07
一分钟前我在想象力..现在我在拖地..,4,0,19/02/2021 3:10
每天看你耍憨,0,0,15/02/2021 9:49
你很無聊ㄟ,0,0,13/02/2021 22:27
沒成功ㄨㄛ,0,0,12/02/2021 1:17
為什麼我試了兩次都沒有 求解,1,2,10/02/2021 13:26
你的影片好有趣,1,0,10/02/2021 0:36
这个我做不到，不知道是不是我的瓶子的问题还是技术问题,2,1,10/02/2021 0:26
什麼我做就不能,0,0,09/02/2021 20:52
很想看看會不會有人真的照試ww,4,1,09/02/2021 18:38
水是什麼水都可以嗎,0,0,09/02/2021 0:56
為什麼為什麼一直在笑,0,0,08/02/2021 22:15
我怎麼覺得後面的笑帶點顏色.....,0,0,08/02/2021 5:02
又沒用:@,0,0,07/02/2021 18:57
所以是真的還是假的,0,0,05/02/2021 0:46
我以為一開始那個男的是你😂😂,0,0,04/02/2021 13:22
是波紋,0,0,04/02/2021 0:16
我聽到了,,,
為什麼我不行,0,0,03/02/2021 15:48
不成功的原因是什麼 我家的鹽難道不是 食鹽？,0,0,03/02/2021 14:38
是普通水鸠,0,0,02/02/2021 22:17
我做不到的：（,0,0,02/02/2021 22:00
😂😂😂,0,0,01/02/2021 22:50
已戀愛❤️,0,0,01/02/2021 14:18
水溜出来了啦！！！,0,0,01/02/2021 13:23
就会变咸，哈哈哈哈哈哈哈哈哈哈！（笑死）,0,0,01/02/2021 9:19
https://youtube.com/shorts/WYv7q2Ow0j0,0,1,31/01/2021 22:15
盖上瓶盖后再拿开，瓶口里好像多了个什么透明物体，但看不是很清楚,0,0,31/01/2021 21:55
无聊,0,0,31/01/2021 21:13
好笑嗎？笑點在哪？,0,1,31/01/2021 21:08
我在想阿駿484想到了母湯的東東才一直笑🤔🤔🤔,0,0,31/01/2021 19:55
其实他在下面放了一片胶片我看过这个原理,0,0,31/01/2021 15:26
瓶口有濾網,1,0,31/01/2021 15:00
超能力~~~😂🤣,0,0,31/01/2021 10:24
紗布,0,0,31/01/2021 10:15
????🙁,0,0,30/01/2021 20:46
阿俊是魔法師嗎😂,0,0,30/01/2021 17:06
簡簡單單,0,0,30/01/2021 16:49
Oh my God,1,0,30/01/2021 15:44
大家不要相信都是假的 其实有个东西贴上去像盖子 不过我知道 这些东西都是骗小孩的 连年轻人都被骗了哈哈哈哈 这些我都做过了 其实像盖子不过剪过的盖子贴上去的,0,0,30/01/2021 12:19
我等你下一期親自飲這杯鹹水,0,0,30/01/2021 2:14
没懂,0,0,30/01/2021 2:00
太力嗨了,1,0,29/01/2021 23:41
很薄的衛生紙在蓋子上,0,0,29/01/2021 19:31
蓋起來的時候 黏上去,,,
水是咸的...,0,0,29/01/2021 18:10
把小管子插进的时候会滴水...,,,
只有我想歪了吗?,,,
靠北超級狂唉 😂😂😂😂😂,0,0,29/01/2021 15:47
然後他就會變鹹 不是幹話嗎 😂😂😂,,,
他下面有網子,0,0,29/01/2021 13:58
有膠帶,0,0,29/01/2021 11:38
這是真的可以這樣嗎？,0,0,29/01/2021 11:03
太好笑了哈哈,1,0,28/01/2021 20:16
在底下,0,0,28/01/2021 19:46
有網子,0,0,28/01/2021 19:46
表面張力？,0,0,28/01/2021 16:35
🤣我可以直接裝海水試試看嗎,6,0,28/01/2021 15:47
有膜在洞口 最後幾秒蠻明顯可以看到的,0,0,28/01/2021 15:34
水加鹽，鹹水,0,0,28/01/2021 9:26
这个瓶子上面是透明盖(看别的视频解说),9,0,28/01/2021 6:22
沒有成功的，就是沒有搖晃0.66秒,1,0,28/01/2021 0:18
這個味道...是波紋氣功的味道,0,0,27/01/2021 23:00
可惡，我以為會整片用唱的,0,0,27/01/2021 22:24
我有做過但是沒有成功,0,0,27/01/2021 16:39
我知道一個更簡單的方法，在瓶口黏著網子，你讓他流水他就流水，哈哈,2,0,27/01/2021 15:10
其实你只需要一片纱布OVO,0,0,27/01/2021 0:27
然后包扎你的伤口不然会痛（x）,,,
（把纱布黏在瓶口）,,,
阿是在笑啥,0,0,26/01/2021 22:38
只要捏一捏這桌子可以報廢了,0,0,26/01/2021 21:44
應該是瓶口處有個中心戳洞的透明塑膠片,0,0,26/01/2021 20:04
神经病你当时就看了教学你以为我不知道哈哈哈我有看过那个视频,0,1,26/01/2021 19:19
就會變鹹XDDDD 不要自己心虛啦www,0,0,26/01/2021 18:57
怎麼我也不自覺笑了,0,0,26/01/2021 17:36
膠片或者紙巾吧,0,0,26/01/2021 16:37
什么原理,1,0,26/01/2021 16:29
不行 好帥🤤,3,0,26/01/2021 14:23
啾啾鞋的聲音🤔,0,0,26/01/2021 11:53
尋找紅心A的既視感,0,0,26/01/2021 9:50
還是不懂，可以求解嗎？,0,0,25/01/2021 20:46
笑得好甜☺,1,0,25/01/2021 18:47
好可愛喔,0,0,25/01/2021 15:02
阿駿真的好帥～,11,0,25/01/2021 9:25
看著會跟著笑 0.66秒www,0,0,25/01/2021 5:45
0.66秒🤣🤣,0,0,24/01/2021 12:47
釣魚線? 總之減少表面張力負擔就是了( ?,0,0,24/01/2021 1:48
頻道經營的方式真的很特別，魔性的聲音害我都學起來了。😂,67,0,23/01/2021 14:51
別人都覺得我好奇怪。😂,,,
為什麼你要笑得那麼可愛🤣,141,0,23/01/2021 12:07
而且很少有離鏡頭這麼近的影片😁,,,
😒😒,1,0,23/01/2021 8:39
太好笑了吧哈哈哈哈哈 那個笑聲,8,0,23/01/2021 8:02
十幾年前在某少兒科教頻道見過類似實驗😂當時是一個紙杯倒過來能放硬幣和大頭針,1,0,23/01/2021 7:08
我感覺我戀愛了..這也是超能力的一部分嗎！？,4,0,23/01/2021 1:23
水裡加了果糖或白砂糖嗎？,0,0,23/01/2021 1:21
因為你把它底在手掌 就有吸力 形成張力,0,0,23/01/2021 0:38
這次實驗做得好開心耶，一定有什麼計謀在裡面🤔,47,3,22/01/2021 23:06
阿駿好可愛 哈哈😄,10,0,22/01/2021 22:07
如果不加鹽巴行嗎,2,4,22/01/2021 21:47
你笑起來好可愛😂,69,0,22/01/2021 21:12
과학적이야,0,0,22/01/2021 20:43
敲碗NG畫面😂,7,0,22/01/2021 20:07
oh my god太可愛了,1,0,22/01/2021 19:45
變甜的話 或沒味道 那你應該擔心了 哈哈,83,5,22/01/2021 18:52
可可愛愛,21,4,22/01/2021 17:56
看你笑著這麼開心好幸福,481,0,22/01/2021 17:47
一句它就會變成鹹的，戳到我的笑點！,529,9,22/01/2021 17:40
（等開學再去表演給學生看）,,,
聽到這句就會變鹹,1087,6,22/01/2021 17:17
不能自己笑場啦😂😂😂,,,
害我笑到手機差點拿不住😂😂😂,,,
感覺你要笑成智障了wwww,0,0,22/01/2021 17:16
最近好多人傳這段影片問我是不是真的,88,18,22/01/2021 17:00
但秘密戳破不值錢，所以一起來發揮想像力吧~,,,
水不會漏主要是大氣壓力與表面張力一起堵住洞口,,,
大氣壓力我們拿它沒轍，所以可往兩個方向思考,,,
1.增加表面張力,,,
2.減少表面張力的負擔,,,
聰明如你，有什麼大膽的想法?,,,
"原來""撿硬幣""也能成為高強度的運動啊😂",198,5,21/01/2021 21:11
是不是有微微的肚子,0,0,20/02/2021 1:38
轉起來,0,0,13/02/2021 0:01
不你轉不起來,,,
NG鏡頭也太可愛哈哈哈,0,0,12/02/2021 14:47
加油,0,0,11/02/2021 20:45
有夠可愛,0,0,08/02/2021 8:34
向心力？,0,0,06/02/2021 10:12
表情也太可愛😆,1,0,04/02/2021 13:01
科學實驗～🎵,0,0,03/02/2021 9:27
你也太可愛了吧~~~一,0,0,02/02/2021 16:13
很簡單我能教你,0,0,31/01/2021 22:32
你也太可爱了吧哈哈哈,0,0,31/01/2021 22:04
🤣🤣🤣🤣🤣😂😂😂🤣😂🤣😂😂🤣🤣😂😂😂😂😂😂😂,0,0,29/01/2021 20:13
他提醒你不要在實驗了，,1,1,29/01/2021 13:11
它很暈，你怎麼這樣🤣🤣,,,
一部成功的影片 背後可能有著無數次的嘗試🤣,8,0,27/01/2021 22:01
怪不得我一直轉也傳不起😂😂,0,0,27/01/2021 10:31
離心力、向心力（？,0,0,26/01/2021 17:59
好可😂,0,0,25/01/2021 18:49
天啊怎麼好可愛😂😂,3,0,23/01/2021 23:40
我看完這部再回去看之前看過成功的那部才發現 原來有寫終於成功了這幾個字XD,12,0,22/01/2021 23:49
我也轉不起來 XD,5,0,22/01/2021 0:15
最後面超級無奈的小表情🤣🤣🤣,21,0,21/01/2021 22:34
一開始沒成功，嚇一跳的表情，🤣🤣🤣。平常只看到成功時自信的表情，果然成功的背後，是付出多少的血汗與心力。謝謝！,56,0,21/01/2021 22:19
辛苦了ww,3,0,21/01/2021 21:44
難得沒有喊出科學原理,2,1,21/01/2021 21:29
最後的笑，太可愛了~😍,111,1,21/01/2021 21:24
笑鼠,0,0,21/01/2021 21:22
XDD,2,0,21/01/2021 21:14
一個班級沒有向心力的話,0,0,13/04/2021 2:22
就會沿切線方向射出,,,
我以為要套頭，然後讓頭轉起來😂,0,0,21/02/2021 1:18
https://b23.tv/1DpukI,0,0,19/02/2021 18:16
你被抄袭了,,,
看你不知道和你说一下,,,
騙人的，我試過了,0,0,19/02/2021 14:01
就跟你買東西一直甩湯不會噴出來是一樣的概念啊,0,0,16/02/2021 23:39
哈，上次失敗了不知道幾十次,1,0,16/02/2021 17:00
向心力不是假想力嗎,0,0,15/02/2021 7:31
終於成功了恭喜,0,0,15/02/2021 1:30
神经病又来了,1,0,14/02/2021 20:23
这是离心力吧,0,0,14/02/2021 15:31
衣架,1,0,14/02/2021 12:28
拉開,,,
被媽媽打,,,
第一個步驟：衣架拉開,0,0,13/02/2021 17:34
然後我就被我媽揍了,,,
剛剛看到幕後，下一個就是這部www,1,1,12/02/2021 11:50
我妈妈看到我折衣架一定先打我,0,0,12/02/2021 0:47
不是NG很多次了吗？🤣🤣🤣,1,0,11/02/2021 20:16
我一次就成功了好好玩,1,0,10/02/2021 18:54
牛批,0,0,09/02/2021 23:47
终于开始搞杂技了？,0,0,09/02/2021 17:55
架有铁,1,0,09/02/2021 15:52
剛剛拉開衣架被媽媽看到然後就被扁了😂,1,0,09/02/2021 13:51
这怎么都是向心力🤣,0,0,09/02/2021 4:27
这个阿骏长的好像—个病人,1,0,08/02/2021 8:22
衣架！拉开！给妈妈打！,0,0,07/02/2021 7:57
讓我想到之前你轉好幾十遍硬幣一直掉,0,0,06/02/2021 22:48
终于成功了😂😂😂,0,0,06/02/2021 16:12
這哪招,0,0,05/02/2021 20:19
衣架，拉开，我妈追着我打,4,0,04/02/2021 17:42
你的是神奇硬幣嗎,0,0,02/02/2021 22:46
衣架 考零分的小孩 打！,0,0,02/02/2021 18:19
亞洲家長,,,
好厲害👍,1,0,02/02/2021 17:44
我用牛奶也可以做,0,0,02/02/2021 12:59
離心力吧ouo,0,2,02/02/2021 9:03
哪裡向心ㄌ,,,
皇天不負苦心人，終於讓我看到了！YA！！！！！,1,0,01/02/2021 19:38
阿駿好帥啊❗,0,0,01/02/2021 18:50
象猩莉,0,0,01/02/2021 5:22
哇！,0,0,01/02/2021 0:30
这个胶那里卖，我想买挺好的,0,0,31/01/2021 21:48
有黑眼圈了,1,0,30/01/2021 17:39
好尷尬,0,0,30/01/2021 16:25
我連錢幣都放不上去了，也太難了吧！,0,0,30/01/2021 13:01
這實驗可被複製嗎？,1,1,29/01/2021 14:41
衣架！拉開！,1,2,29/01/2021 12:53
打小孩～～～,,,
我第一個影片就是失敗無數次的紀錄片,0,1,29/01/2021 10:57
哈哈哈！影片重點：終於成功了...XD,1,0,28/01/2021 23:36
?,0,0,28/01/2021 16:16
是離心力吧？,0,1,27/01/2021 18:16
難的是立硬幣,1,0,26/01/2021 20:34
媽媽：你拿衣架做什麼,0,0,24/01/2021 11:33
好帥呀,0,0,22/01/2021 12:29
好扯,0,0,21/01/2021 17:29
很棒耶，看一眼就喜歡的影片類型，簡單明瞭省時間。,0,0,21/01/2021 16:25
對於有興趣的物理現象可以直接去查什麼原理~,,,
我本身是沒什麼耐心，但又好奇心很重，有時候看到一些科學實驗影片很想看,,,
但很多影片就一個現象做一個落落長，有時候不知道重點在哪個時間點，就會有點不想看…,,,
反正我秒訂閱了!=W=,,,
为什么是终于成功了XD,0,0,21/01/2021 9:51
是不是练了很久XD？,,,
學影片~♥️,5,2,21/01/2021 3:02
拉開衣架~放上硬幣……轉起來😆……向心力🎶,,,
忽然背後一陣冷風~媽媽拿著衣架……夕嬰吶🎶🤬,,,
可愛才是重點😂,1,0,21/01/2021 1:20
轉起來!!!!,0,0,21/01/2021 0:48
為什麼可以長得帥又可愛,14,0,20/01/2021 23:34
你的影片加上時間的長短，很容易讓人一部接一部看下去欸哈哈哈,40,0,20/01/2021 22:37
而且很適合給學生看，能啟發他們的好奇心,,,
這太神了，怎樣應該都會掉呀，怎麼練呀？,1,0,20/01/2021 21:52
我以為只有要講重心😂😂,3,0,20/01/2021 21:33
結果衣櫃都沒整理到😂😂😂,8,0,20/01/2021 21:13
還以為是衣架反射,0,0,20/01/2021 19:58
被阿駿煞到了~好可愛啊~,48,1,20/01/2021 19:19
向心力不重要,213,12,20/01/2021 19:17
人可愛才是重點,,,
看到衣架，就誤以為要夾頭轉脖😅,4,0,20/01/2021 19:09
這簡直了,1,0,20/01/2021 18:45
這太難,0,0,20/01/2021 18:07
這個很難嗎,1,0,20/01/2021 17:55
好扯喔，我應該光要放上去都要很久,3,0,20/01/2021 17:51
一定有練超過一1小時～,215,1,20/01/2021 17:44
那臉一看就是一晚沒睡... 辛苦了(笑,306,2,20/01/2021 17:35
是不是練很久www,53,1,20/01/2021 17:32
有趣的演釋，動漫元素結合科學,0,0,13/04/2021 16:18
連老表麗珍都請來介紹科普了！科學館真的很用心了！給予支持！,0,0,12/04/2021 10:43
"EL: 有趣的演釋, 增加學習的興趣.",0,0,09/04/2021 19:09
"憑觀看人數可知相對有吸引力, 辛苦演員講解複雜的科學原理,讚!",0,0,09/04/2021 14:47
讚,0,0,09/04/2021 14:44
跟貼潮流，讚！,0,0,08/04/2021 17:50
好搞笑又學到嘢!讚!,0,0,08/04/2021 17:39
動漫元素結合科學，讚！,0,0,08/04/2021 17:38
表情好可愛😂,0,0,23/03/2021 15:59
差點以為不是科學館官方製作的,0,0,22/03/2021 18:25
影片有趣味,0,0,22/03/2021 13:03
因為這篇 訂閱起來 讚,0,0,21/03/2021 15:56
不一樣的科學課,0,0,18/03/2021 17:35
跟上潮流了，鬼滅無處不在,0,0,17/03/2021 13:10
如果以前老師教化學都像這影片，我化學起碼合格先,0,0,14/03/2021 21:48
創作認真!!,0,0,12/03/2021 16:40
唱埋首歌仲好,0,0,12/03/2021 16:00
差了些動畫效果,0,0,11/03/2021 17:06
雷之呼吸篇的有獎活動就快結束了，大家記得到那邊留言提問。,0,0,06/03/2021 10:35
動漫入手，能吸引更多人看,0,0,06/03/2021 10:34
新嘗試手法，演員辛苦了,0,0,06/03/2021 10:33
不過呢個角度做科普非常有趣，喺鄰近地區比較都少見，好正👍,0,0,05/03/2021 17:53
原作啲呼吸法描繪到好似魔法咁，如果寫實啲諗，或者當成係唔同嘅呼吸節奏，不過上哂特效觀眾比較好理解,0,0,05/03/2021 17:51
總算有D創意先但我吾系好明可能我蠢,0,0,05/03/2021 17:31
好似好科學咁,0,0,05/03/2021 17:10
手法不錯,0,0,04/03/2021 15:06
用科學解釋動漫,0,0,04/03/2021 14:51
很攪笑的手法,0,0,04/03/2021 14:28
讚~~,0,0,14/12/2020 9:20
鬼滅之刃中提到透過呼吸可以強化體能，那麼我們在跑步時，人體所需的氧氣量卻會隨着跑步速度加大而相應地增加，所以跑步時如何避免出現呼吸急促表淺、節奏紊亂的情況，以及如何減輕呼吸肌的疲勞感？,1,1,13/12/2020 2:54
請問飲無慘嘅血係咪真係會變成鬼呢😂？即係飲血會唔會同化別人？令別人繼承你的一小部份，好似啲咩基因遺傳咁。有啲好奇想知，但又覺得好似唔實際同冇咩可能，sorry啊（私心想要個模型，求求小編看看我🥺）,1,3,12/12/2020 21:11
請問紫藤花除了對鬼造成傷害還會對甚麼生物造成影響？？？,0,1,12/12/2020 20:59
You can get more info about me on my channel 😍💋 💝💖❤️,0,0,12/12/2020 20:53
我們能夠像善逸快嗎？,0,1,12/12/2020 20:25
30:27 Anyone want to do this with me😍💋 💝💖♥️❤️,0,0,12/12/2020 20:24
夢魘的手是真的嗎,1,0,12/12/2020 20:18
水之呼吸是真的吗？,1,0,12/12/2020 20:10
"我們可以在現實中做水之呼吸 嘛 ? 例如在 日輪刀放一個可以放水的袋子或其他 ，然後用電線和把扳機和機器放在刀上,當您砍時，按下扳機，然後將水射出，可以做 到嗎？",1,2,12/12/2020 20:07
正,0,0,12/12/2020 19:59
乖乖等待,1,1,12/12/2020 19:17
剪影有用又好玩!　唔錯！,0,0,12/04/2021 10:44
EL: 睇完想即刻試吓.,0,0,09/04/2021 19:10
好實用。,0,0,09/04/2021 14:49
#清晰 #實用 #快上手,0,0,08/04/2021 17:52
剪影幾好玩喎!,0,0,08/04/2021 17:41
綠幕功能很實用！,0,0,08/04/2021 17:26
好用超方便的,0,0,21/03/2021 15:13
太神了...造福人群,0,0,18/03/2021 18:12
綠幕是否可用綠色卡紙,0,0,12/03/2021 15:57
支持本地科普影片,0,0,05/03/2021 17:06
比看書學使用好,0,0,04/03/2021 14:35
剪影真的好用又是免費,0,0,04/03/2021 14:27
以後可以自己做綠幕很實用,0,0,04/03/2021 14:19
講解清晰，資料充足^^,0,0,13/04/2021 16:16
支持本地創客！感謝澳門科學館為澳門科普用心付出！,0,0,12/04/2021 10:47
"EL: 講解得好清晰, 學倒嘢. 贊!",0,0,09/04/2021 19:14
只能見到無形之手，如果能見你一面更好。,0,0,09/04/2021 14:53
支持有圖有畫面有步驟,0,0,08/04/2021 19:25
加油!繼續支持!,0,0,08/04/2021 17:36
我喜歡DIY的成就感,0,0,22/03/2021 2:17
請求字幕,0,0,18/03/2021 19:32
影片很棒,0,0,17/03/2021 17:09
但可以加點字幕,,,
可以有字幕就更好,0,0,15/03/2021 0:09
線上學科學更有效果,0,0,11/03/2021 18:10
支持本地創作影片,0,0,11/03/2021 17:41
用Micro:bit搭配氣象套件o黎做氣象站，呢個應用正喎。包左唔少知識面係裏面。,0,0,05/03/2021 18:01
非常好! 支持本地創客！,0,0,05/03/2021 17:57
那裡可買整套,0,0,05/03/2021 17:34
支持本地科普影片!,0,0,05/03/2021 17:03
GOOD,0,0,04/03/2021 15:44
讚,0,0,23/06/2020 0:38
重建後更好玩^^,0,0,13/04/2021 16:12
小孩相約去兒童世界真係好開心!,0,0,12/04/2021 10:48
大人讓小孩去兒童世界也好放心!,,,
"EL: 小朋友除咗可以嚟放放電外, 重可以訓練吓胆量!",0,0,09/04/2021 19:18
有個KOL出來介紹下更吸引，努力呀!,0,0,09/04/2021 14:56
去兒童世界真係好開心!,0,0,08/04/2021 17:34
＃易泊車＃門票價格超值＃室內＃安全＃好玩,0,0,08/04/2021 17:33
小朋友真的好鍾意兒童世界!,0,0,08/04/2021 17:27
小朋友最中意,0,0,08/04/2021 16:44
科學館能否再擴大個地方，比澳門小朋友多些活動空間,0,0,15/03/2021 0:15
有時太多人啦，澳門就是欠缺這些設施,0,0,04/03/2021 14:39
Fun place for kids,0,0,07/02/2021 18:36
呢個類型剛好比我囡學 啱晒! 感謝科學館 :),0,0,12/04/2021 10:51
"EL: 對我們的海洋多了認識, 謝謝!",0,0,09/04/2021 19:30
想起武測天講天氣，加油呀!,0,0,09/04/2021 15:00
大家都要愛惜海洋!,0,0,08/04/2021 17:34
公眾對海洋認識真的不是很多，又漲知識了！,0,0,08/04/2021 17:30
需要多D這種科普節目,0,0,11/03/2021 17:07
重新認識海洋,0,0,04/03/2021 15:04
很好的資訊,0,0,04/03/2021 14:49
對海洋認知增加了很多,0,0,04/03/2021 13:55
科學館的確係好靚^^ 如果可以更環保就更好啦!!,0,0,12/04/2021 10:55
其實佢地大堂白天已經可以讓太陽光從玻璃外照射進館內，我真係唔明仲乜鬼仲要開晒D燈，係太陽光下開晒D燈，真係好浪費!!! 如果可以再環保一點點咁就非常非常好啦!!! 我會更喜歡這裡 :),,,
"EL: 科學館的建築設計真係好特別, 嚟澳門記得嚟呢度打咭同參觀科學館呀.",0,0,09/04/2021 19:37
環境優美，數據充足! 繼續努力。拍多一點幾何圖案，帶出建築物優美的一面!,0,0,09/04/2021 15:07
唔講唔知，原來用左7千幾塊鋁板～,0,0,09/04/2021 10:47
去科學館打卡影相都吾錯👍👍👍,0,0,08/04/2021 17:43
很少能用這個視⻆看到科學館呢，不錯！,0,0,08/04/2021 17:32
貝津銘的建築有名氣,0,0,17/03/2021 13:39
科學館真的很美,0,0,24/04/2020 20:23
兩立主持人越做越好，加油!,0,0,13/04/2021 16:05
"EL: 輕鬆講, 資料豐, 贊!",0,0,12/04/2021 12:50
主持人越來越得心應手了 :),0,0,12/04/2021 11:00
看新聞，長知識！,0,0,09/04/2021 10:55
喜歡這個頻道,0,0,18/03/2021 18:01
SpaceX成日爆炸很危險,0,0,14/03/2021 21:39
讚👍🏻,0,0,25/06/2020 23:09
👍👍🌻👍,0,0,15/06/2020 23:44
Excellent!!,0,0,14/06/2020 21:30
VERY GOOD!,0,0,05/06/2020 14:36
支持,0,0,03/06/2020 10:48
可以放普通話的版本嗎，我很想了解內容但是聽不太懂廣東話,0,5,03/06/2020 9:09
再接再厲,0,0,03/06/2020 0:14
嘩⋯⋯今集真係好精彩，學到好多野！,0,0,02/06/2020 22:49
"終於用左""綠幕""啦...",3,0,02/06/2020 20:53
👍👍👍,0,0,02/06/2020 20:31
"EL: 用歌唱形式為引子介紹科學, 贊. Encore!",0,0,12/04/2021 12:57
繼續努力!,0,0,09/04/2021 15:21
創新的節目內容，good！,0,0,09/04/2021 14:54
聽歌學科學都吾錯呀！,0,0,08/04/2021 17:35
聽歌學科學都吾錯!,0,0,08/04/2021 17:33
支持聽歌學科學,0,0,08/04/2021 17:07
找多D澳門歌手唱幾集,0,0,05/03/2021 17:18
希望有下一輯!,0,0,04/03/2021 15:35
期待第二季,0,0,17/10/2020 21:39
動畫顏色不錯，繼續加油^^,0,0,13/04/2021 16:23
EL: 為中國女性科學家屠呦呦鼓掌!!!,0,0,12/04/2021 15:32
實至名歸！,0,0,09/04/2021 17:27
向偉大的科學家致敬。生命最寶貴。,0,0,08/04/2021 17:36
科學真有趣👍,0,0,08/04/2021 17:30
挽救生命比諾貝爾獎更重要,0,0,21/03/2021 15:39
👍👍👍,0,0,19/03/2021 20:05
其實學習並不是什麼難事，堅持才是最難的,0,0,17/03/2021 17:40
中國出名的女科學家就只她一人,0,0,15/03/2021 0:08
有很多科學家都是點點無聲做研究，一生都無名無姓無人知...,0,0,14/03/2021 21:37
一生為科學貢獻、值得人們尊重,0,0,14/03/2021 21:34
沒有屠教授世界可能死多很多人!,0,0,12/03/2021 3:53
女科學家加油！,0,0,11/03/2021 20:34
支持中國女科學家,0,0,11/03/2021 17:59
支持科學故事,0,0,10/03/2021 16:26
好玩，可以同小朋友一齊做^^,0,0,13/04/2021 16:04
講解詳盡，神奇!,0,0,13/04/2021 10:25
"EL: 好神奇呀, 科學真有趣!",0,0,12/04/2021 15:49
有趣又好玩!,0,0,08/04/2021 17:29
我喜歡DIY的成就感😁,0,0,22/03/2021 2:16
謝謝教導 長知識啦,0,0,17/03/2021 17:28
適合一家大小,0,0,11/03/2021 17:25
應用方式很廣,0,0,06/03/2021 10:32
好玩,0,0,06/03/2021 10:30
玩具藏有很多科學原理的，大家可多觀測發掘。,0,0,06/03/2021 10:30
有趣！,0,0,05/03/2021 17:59
好有趣,0,0,04/03/2021 16:47
讚,0,0,11/10/2020 13:10
希望跟住做了真的有用,0,0,18/03/2021 19:35
👍👍👍,0,0,17/03/2021 17:17
又健康又科學,0,0,04/03/2021 15:28
讚！,0,0,17/12/2020 20:25
心形樹做瑜珈正喎,0,0,12/11/2020 16:07
😍😍😍,0,0,23/10/2020 21:42
👍👍👍 😍,0,0,22/10/2020 20:03
👏👏👏,0,0,22/10/2020 11:07
👏👏👏😀,0,0,22/10/2020 0:47
正,0,0,21/10/2020 19:41
新聞 ​瑜珈 科學 健美 健康 !!,2,0,21/10/2020 18:44
科學館一次過滿足晒大家 :D,,,
Thx so much to Macau Science Center giving again a good opportunity for kids to have a enrich summer holiday! The courses were really interesting and helpful in learning! Please keep going!!!,0,0,03/09/2020 12:32
👍👍👍,0,0,02/09/2020 17:39
好精彩的活動，下一年還要參加！,0,0,02/09/2020 10:05
支持年青人!,0,0,12/03/2021 3:51
十分有感染力,0,0,11/03/2021 17:34
小小年紀大大成就,0,0,04/03/2021 15:42
👍👍👍,0,0,08/09/2020 12:34
positive power,0,0,05/09/2020 22:49
👍👍,0,0,05/09/2020 22:27
咁即系咪賣廣告,0,0,14/03/2021 23:15
好介紹,0,0,11/03/2021 17:23
還有其他透明文具嗎,0,0,05/03/2021 17:13
應該是半透明吧,0,0,04/03/2021 15:46
透明膠擦擦透明原筆，期待介紹多些有趣的文具,0,0,04/03/2021 13:38
在那裡可以買？,0,1,11/06/2020 16:12
是用麵包來擦鉛筆痕！,0,0,19/04/2020 20:51
未發明rubber 前，係用吃剩或過期麵包擦鉛筆痕架！,0,0,19/04/2020 20:43
未有橡皮擦之前，人們是用過期或食剩的面包來擦走鉛筆痕跡。,0,0,19/04/2020 17:16
用吃剩或過期的麵包,0,0,19/04/2020 11:21
彈性樹脂！,0,0,19/04/2020 10:49
未發明膠擦前是用彈性樹脂,0,0,19/04/2020 10:26
吃剩面包,0,0,19/04/2020 10:22
透明膠擦好靚啊！,0,0,19/04/2020 10:05
正呀！,0,0,19/04/2020 10:04
期待,0,0,19/04/2020 7:05
直播開箱好酷喔！哈哈,0,0,21/03/2021 16:30
原來事前那麼多準備,0,0,04/03/2021 15:47
看開箱比看說明書好,0,0,04/03/2021 13:39
https://www.youtube.com/watch?v=kBI0VlUza_M,0,0,27/08/2020 0:24
非常喜歡這個無人機開箱講解，導演及主持人演得生動有趣，詳細說明產品牌子，機件配套，能支援多種程式及軟件下載。,0,0,27/04/2020 13:39
清楚說明影片錄製標清，相機拍攝像素數值，最長航拍時間及可用於多種飛行模式。,,,
影片中亦有提及建議家長應陪同兒子玩樂及在使用無人機前的一些注意事項。,,,
非常期待下一次的試飛教學！,,,
"講咁耐,都冇飛,畫面流暢效果??受撞程度?",0,0,27/04/2020 7:06
👏👏,0,0,26/04/2020 10:20
👏,0,0,26/04/2020 10:10
哈哈哈，你好有趣,0,0,21/03/2021 16:31
主持加油,0,0,04/03/2021 15:48
Daniel主持加油呀,0,0,04/03/2021 13:40
👍,0,0,03/05/2020 16:55
支持本地創客！感謝澳門科學館為澳門科普用心付出！,0,0,12/04/2021 10:47
那裡買的?,0,0,22/03/2021 0:13
小朋友未必懂切要大人幫手切,0,0,05/03/2021 17:36
生活應用實例,0,0,04/03/2021 15:44
自己也可以建氣象站很有趣,0,0,04/03/2021 14:10
👍👍👍,0,0,15/06/2020 13:49
講解清晰，資料充足^^,0,0,13/04/2021 16:16
支持本地創客！感謝澳門科學館為澳門科普用心付出！,0,0,12/04/2021 10:47
"EL: 講解得好清晰, 學倒嘢. 贊!",0,0,09/04/2021 19:14
只能見到無形之手，如果能見你一面更好。,0,0,09/04/2021 14:53
支持有圖有畫面有步驟,0,0,08/04/2021 19:25
加油!繼續支持!,0,0,08/04/2021 17:36
我喜歡DIY的成就感,0,0,22/03/2021 2:17
請求字幕,0,0,18/03/2021 19:32
影片很棒,0,0,17/03/2021 17:09
但可以加點字幕,,,
可以有字幕就更好,0,0,15/03/2021 0:09
線上學科學更有效果,0,0,11/03/2021 18:10
支持本地創作影片,0,0,11/03/2021 17:41
用Micro:bit搭配氣象套件o黎做氣象站，呢個應用正喎。包左唔少知識面係裏面。,0,0,05/03/2021 18:01
非常好! 支持本地創客！,0,0,05/03/2021 17:57
那裡可買整套,0,0,05/03/2021 17:34
支持本地科普影片!,0,0,05/03/2021 17:03
GOOD,0,0,04/03/2021 15:44
讚,0,0,23/06/2020 0:38
支持本地創客！感謝澳門科學館為澳門科普用心付出！,0,0,12/04/2021 10:47
簡單步驟,0,0,22/03/2021 2:17
很實用 謝謝,0,0,17/03/2021 17:09
有冇中文介面,0,0,04/03/2021 15:45
傳感器設定有點難,0,0,04/03/2021 14:13
👍🏻👍🏻👍🏻,0,0,05/07/2020 15:48
👏🏼👏🏼,0,0,03/07/2020 15:18
支持本地創客！感謝澳門科學館為澳門科普用心付出！,0,0,12/04/2021 10:48
那裏有在賣,0,0,22/03/2021 2:18
是知識型的影片,0,0,19/03/2021 16:12
知識內容簡單易明,0,0,11/03/2021 18:11
終於完成,0,0,11/03/2021 17:41
公民科學家好例子,0,0,06/03/2021 9:32
實用性強,0,0,06/03/2021 9:30
今年會續辦活動，新入門的同學可多參考這系列影片,0,0,06/03/2021 9:30
最後步驟比較難,0,0,04/03/2021 15:45
有幾步要多看幾次,0,0,04/03/2021 14:11
請問下8:56定解變成咁,0,0,15/07/2020 19:14
👍👍👍,0,0,14/07/2020 12:07
👍🏻👍🏻👍🏻,0,0,10/07/2020 21:50
Good,0,0,10/07/2020 15:06
我完全沒看懂,0,0,23/03/2021 16:14
如果再簡短些更好,0,0,05/03/2021 17:13
基礎概念很重要，每天都在應用網絡技術,0,0,04/03/2021 14:00
小孩受益良多，謝謝。,0,0,19/03/2021 16:14
在家學習必備,0,0,12/03/2021 18:25
So interesting,0,0,15/02/2021 14:12
實用👍👍👍👍👍👍👍👍👍👍👍👍👍👍,0,0,14/06/2020 17:03
在家抗疫太需要這些科普影片了,0,0,22/04/2020 13:28
非常簡潔和實用👍,0,0,22/04/2020 12:03
👍,0,0,22/04/2020 10:32
👍,0,0,22/04/2020 10:02
有助學生在家學習,0,0,19/03/2021 16:18
停課不停學,0,0,12/03/2021 18:25
💪💪💪👍👍👍,0,0,23/06/2020 12:09
日日去做幾套新片! 累!,0,0,29/04/2020 10:50
日日有幾套新片睇! 勁!,0,0,29/04/2020 10:22
型男索女!,0,0,25/03/2021 21:56
貧窮限制了我的想像..,0,0,23/03/2021 15:04
已訂閱，希望做出更多優質影片,0,0,21/03/2021 16:00
好讚😍,0,0,18/03/2021 19:35
有趣啊！,0,0,18/03/2021 18:00
表情好浮誇喔⋯⋯,0,0,17/03/2021 17:12
澳門小姐質素真係普普通通,0,0,15/03/2021 0:17
科學追女仔真的行嗎,0,0,12/03/2021 18:16
看完不太明白,0,0,09/03/2021 19:08
有新意有創意,0,0,04/03/2021 15:41
讚！,0,0,17/12/2020 20:25
"Good job, Ramsey",0,0,18/11/2020 11:29
it's funny! thank you for the interpretation from Ramsey 🤣,2,0,14/11/2020 14:28
蘇so同蘇霖系咪姊妹,1,1,12/11/2020 21:15
請繼續留言、SHARE及按LIKE來支持我們出片喔 謝謝大家!!,0,0,12/11/2020 18:59
原來澳門有個Ms.Internet叫So So教大家點樣So So得科學Ｄ,1,0,12/11/2020 15:48
女主角人美又演得好好喔！這集好笑又有科普內容 不錯 科學館 奸爸嗲 🤓,1,0,12/11/2020 13:14
高汁,0,0,12/11/2020 13:11
示範咗「自信」係響邊度嚟...🤣🤣,4,0,11/11/2020 22:00
😂😂,2,0,11/11/2020 20:39
大陆同胞为你加油！,1,0,23/04/2020 16:38
請問何時播出Lesson 2及其他Lesson尼?,0,1,20/04/2020 15:15
值得推薦,0,0,09/03/2021 19:11
今天在學校裏玩完我在香港讀書,0,0,02/03/2021 21:47
shorturl.at/uxCJ8 這個連結沒有步驟說明pdf檔 不曉得可以麻煩您再提供嗎 謝謝您,0,1,17/11/2020 8:29
您可以在此处找到精选的wedo 2说明 https://www.amazon.com/s?k=christos+georgantzos&rh=n%3A154606011&ref=nb_sb_noss,0,0,09/05/2020 17:24
勁阿,0,0,07/05/2020 14:17
勁喎呢個,0,0,24/04/2020 22:37
太正啦!! 正呀!!,0,0,24/04/2020 13:47
Hi morning,0,0,24/04/2020 10:21
Hi...morning,0,0,24/04/2020 10:04